Index Name,Date,Open,High,Low,Close
NIFTY MIDCAP150 QUALITY 50,14 Feb 2024,20454.15,20703,20362.8,20659.1
NIFTY MIDCAP150 QUALITY 50,13 Feb 2024,20551.2,20617.85,20304.6,20607.05
NIFTY MIDCAP150 QUALITY 50,12 Feb 2024,20778.55,20822.05,20506.7,20547.95
NIFTY MIDCAP150 QUALITY 50,09 Feb 2024,20984.95,20986.7,20484,20699.4
NIFTY MIDCAP150 QUALITY 50,08 Feb 2024,21110.9,21128.2,20876.85,20898.25
NIFTY MIDCAP150 QUALITY 50,07 Feb 2024,21171.25,21192.7,20998.8,21054.15
NIFTY MIDCAP150 QUALITY 50,06 Feb 2024,20947.9,21103.9,20875.1,21091.35
NIFTY MIDCAP150 QUALITY 50,05 Feb 2024,20995.75,21043.8,20838.8,20858.25
NIFTY MIDCAP150 QUALITY 50,02 Feb 2024,20862.7,20999.7,20852.15,20924.2
NIFTY MIDCAP150 QUALITY 50,01 Feb 2024,20937.85,20937.85,20673.5,20786.55
NIFTY MIDCAP150 QUALITY 50,31 Jan 2024,20571.7,20868.95,20571.05,20853.05
NIFTY MIDCAP150 QUALITY 50,30 Jan 2024,20845.15,20895.05,20541.95,20581.65
NIFTY MIDCAP150 QUALITY 50,29 Jan 2024,20582.75,20775.8,20544.75,20760.5
NIFTY MIDCAP150 QUALITY 50,25 Jan 2024,20793.45,20802.6,20506.75,20531.55
NIFTY MIDCAP150 QUALITY 50,24 Jan 2024,20467.85,20752.1,20296.65,20728.3
NIFTY MIDCAP150 QUALITY 50,23 Jan 2024,20960.45,20960.7,20344.15,20435.7
NIFTY MIDCAP150 QUALITY 50,20 Jan 2024,20941.6,20960.1,20753.05,20796.0
NIFTY MIDCAP150 QUALITY 50,19 Jan 2024,20767.05,20851.75,20710.1,20823.3
NIFTY MIDCAP150 QUALITY 50,18 Jan 2024,20619.5,20654.15,20158.9,20626.0
NIFTY MIDCAP150 QUALITY 50,17 Jan 2024,20623.9,20713,20514.95,20603.6
NIFTY MIDCAP150 QUALITY 50,16 Jan 2024,20885.3,20914.25,20638.3,20756.9
NIFTY MIDCAP150 QUALITY 50,15 Jan 2024,20833.25,20876.55,20706.1,20839.65
NIFTY MIDCAP150 QUALITY 50,12 Jan 2024,20698.65,20742.55,20646.9,20719.25
NIFTY MIDCAP150 QUALITY 50,11 Jan 2024,20594.55,20647.85,20535.15,20590.9
NIFTY MIDCAP150 QUALITY 50,10 Jan 2024,20468.35,20570.8,20364.95,20557.0
NIFTY MIDCAP150 QUALITY 50,09 Jan 2024,20635.5,20679.4,20412.8,20453.6
NIFTY MIDCAP150 QUALITY 50,08 Jan 2024,20726.8,20755.75,20452.05,20473.95
NIFTY MIDCAP150 QUALITY 50,05 Jan 2024,20610.85,20718.1,20554.65,20686.95
NIFTY MIDCAP150 QUALITY 50,04 Jan 2024,20479,20578.25,20469.95,20544.35
NIFTY MIDCAP150 QUALITY 50,03 Jan 2024,20521.1,20533.35,20368.5,20406.1
NIFTY MIDCAP150 QUALITY 50,02 Jan 2024,20571.05,20598.15,20310.5,20517.15
NIFTY MIDCAP150 QUALITY 50,01 Jan 2024,20546.25,20597.55,20490.55,20545.85
NIFTY MIDCAP150 QUALITY 50,29 Dec 2023,20385.35,20495.25,20298.55,20473.0
NIFTY MIDCAP150 QUALITY 50,28 Dec 2023,20402.9,20414.7,20310.6,20333.35
NIFTY MIDCAP150 QUALITY 50,27 Dec 2023,20377.85,20448.9,20267.55,20361.45
NIFTY MIDCAP150 QUALITY 50,26 Dec 2023,20255.8,20317.4,20193.6,20271.0
NIFTY MIDCAP150 QUALITY 50,22 Dec 2023,20072.15,20213,20046.4,20185.4
NIFTY MIDCAP150 QUALITY 50,21 Dec 2023,19641.5,19996.85,19547.6,19982.5
NIFTY MIDCAP150 QUALITY 50,20 Dec 2023,20228.5,20343.5,19731.25,19796.35
NIFTY MIDCAP150 QUALITY 50,19 Dec 2023,20228.3,20233.6,20047.5,20111.5
NIFTY MIDCAP150 QUALITY 50,18 Dec 2023,20155.15,20244.45,20065.8,20182.85
NIFTY MIDCAP150 QUALITY 50,15 Dec 2023,20104.25,20212.35,20063.95,20167.2
NIFTY MIDCAP150 QUALITY 50,14 Dec 2023,19931.65,20026.4,19914,19997.2
NIFTY MIDCAP150 QUALITY 50,13 Dec 2023,19835.55,19849.2,19678.35,19804.5
NIFTY MIDCAP150 QUALITY 50,12 Dec 2023,19922.5,19939,19710.8,19795.6
NIFTY MIDCAP150 QUALITY 50,11 Dec 2023,19770.85,19923.8,19740.25,19885.5
NIFTY MIDCAP150 QUALITY 50,08 Dec 2023,19829.6,19849.75,19593.5,19717.2
NIFTY MIDCAP150 QUALITY 50,07 Dec 2023,19721.45,19798.8,19635.3,19765.15
NIFTY MIDCAP150 QUALITY 50,06 Dec 2023,19698.4,19739.95,19627.45,19673.05
NIFTY MIDCAP150 QUALITY 50,05 Dec 2023,19641.9,19679.25,19490.7,19607.95
NIFTY MIDCAP150 QUALITY 50,04 Dec 2023,19687.95,19691.85,19503.85,19577.9
NIFTY MIDCAP150 QUALITY 50,01 Dec 2023,19502.55,19566.25,19420.5,19476.15
NIFTY MIDCAP150 QUALITY 50,30 Nov 2023,19323.95,19483.45,19277.85,19423.75
NIFTY MIDCAP150 QUALITY 50,29 Nov 2023,19280.75,19330.9,19263.05,19280.2
NIFTY MIDCAP150 QUALITY 50,28 Nov 2023,19356.1,19365.6,19176.5,19209.0
NIFTY MIDCAP150 QUALITY 50,24 Nov 2023,19350.85,19377.1,19254.8,19289.55
NIFTY MIDCAP150 QUALITY 50,23 Nov 2023,19368.15,19403.05,19301.1,19311.3
NIFTY MIDCAP150 QUALITY 50,22 Nov 2023,19281.3,19356.55,19178.55,19324.75
NIFTY MIDCAP150 QUALITY 50,21 Nov 2023,19292.05,19330.25,19224,19237.25
NIFTY MIDCAP150 QUALITY 50,20 Nov 2023,19297.25,19318.3,19197.1,19228.05
NIFTY MIDCAP150 QUALITY 50,17 Nov 2023,19242.55,19334.45,19205.55,19251.0
NIFTY MIDCAP150 QUALITY 50,16 Nov 2023,19043.05,19255.15,19023.7,19216.25
NIFTY MIDCAP150 QUALITY 50,15 Nov 2023,18975.15,19015.9,18922.4,18999.9
NIFTY MIDCAP150 QUALITY 50,13 Nov 2023,18923.8,18935.95,18777.15,18825.6
NIFTY MIDCAP150 QUALITY 50,12 Nov 2023,18968.55,18999.9,18907.6,18921.3
NIFTY MIDCAP150 QUALITY 50,10 Nov 2023,18850.7,18861.05,18736.45,18813.8
NIFTY MIDCAP150 QUALITY 50,09 Nov 2023,18898.3,18921.15,18824.5,18841.6
NIFTY MIDCAP150 QUALITY 50,08 Nov 2023,18836.75,18901.35,18816.05,18885.45
NIFTY MIDCAP150 QUALITY 50,07 Nov 2023,18777.15,18795.15,18711.6,18751.25
NIFTY MIDCAP150 QUALITY 50,06 Nov 2023,18632.95,18754.4,18619.1,18736.65
NIFTY MIDCAP150 QUALITY 50,03 Nov 2023,18483.75,18567.1,18442.25,18555.75
NIFTY MIDCAP150 QUALITY 50,02 Nov 2023,18399.1,18441.9,18334.1,18372.85
NIFTY MIDCAP150 QUALITY 50,01 Nov 2023,18403.85,18418.55,18286.5,18305.75
NIFTY MIDCAP150 QUALITY 50,31 Oct 2023,18398,18412.4,18330.4,18354.0
NIFTY MIDCAP150 QUALITY 50,30 Oct 2023,18414.1,18426.85,18264.3,18338.95
NIFTY MIDCAP150 QUALITY 50,27 Oct 2023,18229.45,18412.9,18227.6,18384.65
NIFTY MIDCAP150 QUALITY 50,26 Oct 2023,18301.65,18316.5,17984.5,18143.7
NIFTY MIDCAP150 QUALITY 50,25 Oct 2023,18435.95,18497.75,18216.7,18379.25
NIFTY MIDCAP150 QUALITY 50,23 Oct 2023,18811.5,18845.8,18323,18380.25
NIFTY MIDCAP150 QUALITY 50,20 Oct 2023,18904.85,18938.1,18739.5,18787.95
NIFTY MIDCAP150 QUALITY 50,19 Oct 2023,18976.4,18982.65,18837.6,18929.45
NIFTY MIDCAP150 QUALITY 50,18 Oct 2023,19104.65,19151.35,18985.6,19033.7
NIFTY MIDCAP150 QUALITY 50,17 Oct 2023,19137.35,19144.65,19053.45,19094.45
NIFTY MIDCAP150 QUALITY 50,16 Oct 2023,18987.65,19073.5,18967.25,19016.0
NIFTY MIDCAP150 QUALITY 50,13 Oct 2023,18914,19023.3,18903.8,18956.65
NIFTY MIDCAP150 QUALITY 50,12 Oct 2023,18944.55,19026,18934.4,18974.0
NIFTY MIDCAP150 QUALITY 50,11 Oct 2023,18913.4,19026.6,18871.45,18887.7
NIFTY MIDCAP150 QUALITY 50,10 Oct 2023,18739.1,18853.25,18732.4,18835.9
NIFTY MIDCAP150 QUALITY 50,09 Oct 2023,18725,18825.15,18643,18688.95
NIFTY MIDCAP150 QUALITY 50,06 Oct 2023,18866.35,18882.75,18810.8,18863.25
NIFTY MIDCAP150 QUALITY 50,05 Oct 2023,18826.2,18881,18778.15,18795.6
NIFTY MIDCAP150 QUALITY 50,04 Oct 2023,18880.05,18892.5,18690.85,18771.5
NIFTY MIDCAP150 QUALITY 50,03 Oct 2023,18898.2,18946.25,18788.55,18902.6
NIFTY MIDCAP150 QUALITY 50,29 Sep 2023,18735.75,18951.55,18680.9,18869.8
NIFTY MIDCAP150 QUALITY 50,28 Sep 2023,18967.45,18974.8,18726,18744.05
NIFTY MIDCAP150 QUALITY 50,27 Sep 2023,18851.25,18935.3,18803.55,18926.2
NIFTY MIDCAP150 QUALITY 50,26 Sep 2023,18882.6,18891.55,18784.5,18815.9
NIFTY MIDCAP150 QUALITY 50,25 Sep 2023,18871.05,18891.65,18776.65,18863.8
NIFTY MIDCAP150 QUALITY 50,22 Sep 2023,18920,18941.8,18759.5,18845.35
NIFTY MIDCAP150 QUALITY 50,21 Sep 2023,19045.1,19052.75,18882.35,18909.4
NIFTY MIDCAP150 QUALITY 50,20 Sep 2023,19069.35,19112.15,18990.4,19063.0
NIFTY MIDCAP150 QUALITY 50,18 Sep 2023,19235.05,19247.95,19089.9,19105.95
NIFTY MIDCAP150 QUALITY 50,15 Sep 2023,19309.85,19339.5,19158.95,19187.7
NIFTY MIDCAP150 QUALITY 50,14 Sep 2023,19167.85,19251.15,19148.55,19230.75
NIFTY MIDCAP150 QUALITY 50,13 Sep 2023,19135.95,19159.15,18895,19086.85
NIFTY MIDCAP150 QUALITY 50,12 Sep 2023,19669.55,19672.7,19108.8,19140.25
NIFTY MIDCAP150 QUALITY 50,11 Sep 2023,19504.2,19596.05,19485.85,19579.5
NIFTY MIDCAP150 QUALITY 50,08 Sep 2023,19395.55,19455.7,19376,19441.1
NIFTY MIDCAP150 QUALITY 50,07 Sep 2023,19322.3,19371.05,19284.9,19356.75
NIFTY MIDCAP150 QUALITY 50,06 Sep 2023,19301.95,19326,19225.2,19298.9
NIFTY MIDCAP150 QUALITY 50,05 Sep 2023,19036,19252.65,19026.75,19236.0
NIFTY MIDCAP150 QUALITY 50,04 Sep 2023,19030.75,19041.55,18928.75,18980.75
NIFTY MIDCAP150 QUALITY 50,01 Sep 2023,18917.45,18945.05,18856.15,18931.0
NIFTY MIDCAP150 QUALITY 50,31 Aug 2023,18839,18917.25,18760.55,18842.2
NIFTY MIDCAP150 QUALITY 50,30 Aug 2023,18758.65,18801.5,18733.55,18771.3
NIFTY MIDCAP150 QUALITY 50,29 Aug 2023,18632.45,18706.2,18600.65,18691.1
NIFTY MIDCAP150 QUALITY 50,28 Aug 2023,18605.95,18659.75,18571.35,18596.2
NIFTY MIDCAP150 QUALITY 50,25 Aug 2023,18604.2,18638.25,18495.75,18550.3
NIFTY MIDCAP150 QUALITY 50,24 Aug 2023,18562.7,18655.2,18538.3,18609.5
NIFTY MIDCAP150 QUALITY 50,23 Aug 2023,18483,18542.7,18458.95,18479.3
NIFTY MIDCAP150 QUALITY 50,22 Aug 2023,18371.05,18435.85,18350.1,18423.55
NIFTY MIDCAP150 QUALITY 50,21 Aug 2023,18239.55,18331.35,18220.45,18316.3
NIFTY MIDCAP150 QUALITY 50,18 Aug 2023,18253.4,18294.15,18156.5,18196.15
NIFTY MIDCAP150 QUALITY 50,17 Aug 2023,18309.6,18352.05,18231.75,18251.6
NIFTY MIDCAP150 QUALITY 50,16 Aug 2023,18266.25,18336.5,18213.2,18256.0
NIFTY MIDCAP150 QUALITY 50,14 Aug 2023,18293.5,18304.05,18094.65,18276.3
NIFTY MIDCAP150 QUALITY 50,11 Aug 2023,18415.6,18437.2,18281.5,18312.6
NIFTY MIDCAP150 QUALITY 50,10 Aug 2023,18331.9,18351.3,18250.3,18307.4
NIFTY MIDCAP150 QUALITY 50,09 Aug 2023,18262.1,18320,18219.9,18306.3
NIFTY MIDCAP150 QUALITY 50,08 Aug 2023,18245.3,18266.4,18159.8,18241.15
NIFTY MIDCAP150 QUALITY 50,07 Aug 2023,18173.45,18203.5,18099.7,18180.4
NIFTY MIDCAP150 QUALITY 50,04 Aug 2023,18087.25,18158.5,18059.25,18130.95
NIFTY MIDCAP150 QUALITY 50,03 Aug 2023,18041.8,18087.6,17981.8,18011.7
NIFTY MIDCAP150 QUALITY 50,02 Aug 2023,18238.85,18241.65,17951.35,18051.4
NIFTY MIDCAP150 QUALITY 50,01 Aug 2023,18244.85,18282.65,18209.5,18238.85
NIFTY MIDCAP150 QUALITY 50,31 Jul 2023,17924.95,18170.45,17924.95,18155.85
NIFTY MIDCAP150 QUALITY 50,28 Jul 2023,17930.75,17933.15,17864.6,17908.3
NIFTY MIDCAP150 QUALITY 50,27 Jul 2023,17875.25,17927.1,17821.85,17850.6
NIFTY MIDCAP150 QUALITY 50,26 Jul 2023,17890.95,17894.1,17821,17842.95
NIFTY MIDCAP150 QUALITY 50,25 Jul 2023,17875.6,17897.95,17781.95,17830.4
NIFTY MIDCAP150 QUALITY 50,24 Jul 2023,17894.1,17895.9,17796.55,17817.8
NIFTY MIDCAP150 QUALITY 50,21 Jul 2023,17853.95,17898.45,17812,17866.65
NIFTY MIDCAP150 QUALITY 50,20 Jul 2023,17912.05,17942.9,17873.8,17923.3
NIFTY MIDCAP150 QUALITY 50,19 Jul 2023,17805,17884.9,17790.45,17869.2
NIFTY MIDCAP150 QUALITY 50,18 Jul 2023,17772.25,17815.15,17690.85,17759.0
NIFTY MIDCAP150 QUALITY 50,17 Jul 2023,17702.95,17831.35,17693.45,17746.0
NIFTY MIDCAP150 QUALITY 50,14 Jul 2023,17503.6,17662.6,17499.8,17647.3
NIFTY MIDCAP150 QUALITY 50,13 Jul 2023,17514.65,17611.3,17398.7,17434.5
NIFTY MIDCAP150 QUALITY 50,12 Jul 2023,17399.35,17468.4,17358.8,17447.95
NIFTY MIDCAP150 QUALITY 50,11 Jul 2023,17294.9,17380.35,17272.25,17363.6
NIFTY MIDCAP150 QUALITY 50,10 Jul 2023,17418.6,17424.2,17257.65,17272.25
NIFTY MIDCAP150 QUALITY 50,07 Jul 2023,17525.7,17560.05,17365.65,17386.9
NIFTY MIDCAP150 QUALITY 50,06 Jul 2023,17462.75,17553.85,17428.25,17544.8
NIFTY MIDCAP150 QUALITY 50,05 Jul 2023,17436.15,17463.3,17395.6,17431.85
NIFTY MIDCAP150 QUALITY 50,04 Jul 2023,17448.15,17479.6,17384.25,17403.8
NIFTY MIDCAP150 QUALITY 50,03 Jul 2023,17529.5,17536.15,17368.1,17390.3
NIFTY MIDCAP150 QUALITY 50,30 Jun 2023,17353.25,17449.4,17347.6,17420.2
NIFTY MIDCAP150 QUALITY 50,28 Jun 2023,17412.05,17424.7,17301.25,17310.7
NIFTY MIDCAP150 QUALITY 50,27 Jun 2023,17368.35,17425.75,17301.1,17328.25
NIFTY MIDCAP150 QUALITY 50,26 Jun 2023,17219.6,17357.2,17154.45,17324.4
NIFTY MIDCAP150 QUALITY 50,23 Jun 2023,17362.95,17365.8,17128.75,17143.95
NIFTY MIDCAP150 QUALITY 50,22 Jun 2023,17442.8,17474.95,17336.65,17351.9
NIFTY MIDCAP150 QUALITY 50,21 Jun 2023,17441.65,17505.65,17377.95,17405.2
NIFTY MIDCAP150 QUALITY 50,20 Jun 2023,17250.15,17388.65,17240.45,17372.25
NIFTY MIDCAP150 QUALITY 50,19 Jun 2023,17273.1,17321.45,17235.95,17250.85
NIFTY MIDCAP150 QUALITY 50,16 Jun 2023,17214.25,17269.6,17200.1,17228.85
NIFTY MIDCAP150 QUALITY 50,15 Jun 2023,17159.35,17174.95,17107,17148.2
NIFTY MIDCAP150 QUALITY 50,14 Jun 2023,17102.15,17137.55,17046.35,17126.45
NIFTY MIDCAP150 QUALITY 50,13 Jun 2023,16935,17062.85,16927.2,17048.15
NIFTY MIDCAP150 QUALITY 50,12 Jun 2023,16873.25,16898.95,16776.1,16879.4
NIFTY MIDCAP150 QUALITY 50,09 Jun 2023,16944,16956.65,16791.5,16806.05
NIFTY MIDCAP150 QUALITY 50,08 Jun 2023,17154.15,17159.8,16931.3,16956.4
NIFTY MIDCAP150 QUALITY 50,07 Jun 2023,16991.1,17113.7,16973.2,17103.9
NIFTY MIDCAP150 QUALITY 50,06 Jun 2023,17034.7,17034.7,16876.7,16933.65
NIFTY MIDCAP150 QUALITY 50,05 Jun 2023,16972,17025.55,16946.7,17010.55
NIFTY MIDCAP150 QUALITY 50,02 Jun 2023,16877.3,16912.75,16867.35,16893.45
NIFTY MIDCAP150 QUALITY 50,01 Jun 2023,16833.75,16890.45,16805.1,16825.05
NIFTY MIDCAP150 QUALITY 50,31 May 2023,16773.55,16807.9,16754.1,16794.1
NIFTY MIDCAP150 QUALITY 50,30 May 2023,16749.25,16792,16723.1,16765.4
NIFTY MIDCAP150 QUALITY 50,29 May 2023,16728.85,16745.5,16675.1,16724.7
NIFTY MIDCAP150 QUALITY 50,26 May 2023,16565.1,16677.85,16527.1,16671.55
NIFTY MIDCAP150 QUALITY 50,25 May 2023,16552.15,16630.45,16495.7,16613.05
NIFTY MIDCAP150 QUALITY 50,24 May 2023,16509.8,16565.65,16451.7,16539.85
NIFTY MIDCAP150 QUALITY 50,23 May 2023,16497.7,16550.85,16469.6,16526.3
NIFTY MIDCAP150 QUALITY 50,22 May 2023,16339.1,16470.1,16291.05,16460.25
NIFTY MIDCAP150 QUALITY 50,19 May 2023,16392.45,16392.45,16237.75,16344.15
NIFTY MIDCAP150 QUALITY 50,18 May 2023,16549.75,16568.65,16343.7,16364.15
NIFTY MIDCAP150 QUALITY 50,17 May 2023,16479.2,16508.45,16393.4,16486.15
NIFTY MIDCAP150 QUALITY 50,16 May 2023,16386.75,16533.85,16376.8,16447.1
NIFTY MIDCAP150 QUALITY 50,15 May 2023,16396.25,16398.45,16323.25,16335.15
NIFTY MIDCAP150 QUALITY 50,12 May 2023,16362.65,16418.15,16300.3,16368.3
NIFTY MIDCAP150 QUALITY 50,11 May 2023,16324.8,16377.1,16309.75,16361.55
NIFTY MIDCAP150 QUALITY 50,10 May 2023,16240.4,16267.95,16187.55,16249.2
NIFTY MIDCAP150 QUALITY 50,09 May 2023,16181.05,16274,16167.3,16184.15
NIFTY MIDCAP150 QUALITY 50,08 May 2023,16110.6,16148.5,16085.8,16137.65
NIFTY MIDCAP150 QUALITY 50,05 May 2023,16122.15,16152.55,16041.2,16057.1
NIFTY MIDCAP150 QUALITY 50,04 May 2023,16059.35,16125.8,16030.15,16110.6
NIFTY MIDCAP150 QUALITY 50,03 May 2023,16013.55,16087.4,15995.95,16038.7
NIFTY MIDCAP150 QUALITY 50,02 May 2023,16036.65,16075.25,16001.55,16023.6
NIFTY MIDCAP150 QUALITY 50,28 Apr 2023,15882.2,16004.05,15837.75,15983.95
NIFTY MIDCAP150 QUALITY 50,27 Apr 2023,15737.15,15842.3,15728.3,15831.2
NIFTY MIDCAP150 QUALITY 50,26 Apr 2023,15692.3,15733.3,15664.1,15724.9
NIFTY MIDCAP150 QUALITY 50,25 Apr 2023,15786.3,15788.95,15687.55,15708.75
NIFTY MIDCAP150 QUALITY 50,24 Apr 2023,15830.15,15834.3,15763.2,15792.35
NIFTY MIDCAP150 QUALITY 50,21 Apr 2023,15805.75,15814.5,15735.35,15791.85
NIFTY MIDCAP150 QUALITY 50,20 Apr 2023,15845.05,15873.85,15776.15,15788.95
NIFTY MIDCAP150 QUALITY 50,19 Apr 2023,15938.95,15945.7,15815.35,15830.45
NIFTY MIDCAP150 QUALITY 50,18 Apr 2023,15852.45,15952.5,15830,15911.2
NIFTY MIDCAP150 QUALITY 50,17 Apr 2023,15799.2,15844.95,15716.5,15833.65
NIFTY MIDCAP150 QUALITY 50,13 Apr 2023,15860.75,15903.95,15821.1,15845.45
NIFTY MIDCAP150 QUALITY 50,12 Apr 2023,15748.5,15839.75,15724.45,15812.65
NIFTY MIDCAP150 QUALITY 50,11 Apr 2023,15644.6,15735.3,15623.9,15720.0
NIFTY MIDCAP150 QUALITY 50,10 Apr 2023,15634.75,15640.7,15555.35,15616.55
NIFTY MIDCAP150 QUALITY 50,06 Apr 2023,15461.4,15606.3,15418.95,15592.35
NIFTY MIDCAP150 QUALITY 50,05 Apr 2023,15345.9,15465,15299.9,15456.85
NIFTY MIDCAP150 QUALITY 50,03 Apr 2023,15362.6,15367.85,15260.8,15321.0
NIFTY MIDCAP150 QUALITY 50,31 Mar 2023,15197.2,15293.7,15190.05,15269.0
NIFTY MIDCAP150 QUALITY 50,29 Mar 2023,15006.15,15183.5,14990.6,15148.8
NIFTY MIDCAP150 QUALITY 50,28 Mar 2023,15072.5,15091.05,14957.35,15023.7
NIFTY MIDCAP150 QUALITY 50,27 Mar 2023,15181.9,15197.65,15026.15,15053.75
NIFTY MIDCAP150 QUALITY 50,24 Mar 2023,15304.55,15344.05,15145.05,15169.05
NIFTY MIDCAP150 QUALITY 50,23 Mar 2023,15332.55,15368.6,15295,15306.1
NIFTY MIDCAP150 QUALITY 50,22 Mar 2023,15379.55,15415.2,15335.15,15349.9
NIFTY MIDCAP150 QUALITY 50,21 Mar 2023,15341.05,15362.75,15283.35,15303.9
NIFTY MIDCAP150 QUALITY 50,20 Mar 2023,15388,15448.85,15209.55,15297.9
NIFTY MIDCAP150 QUALITY 50,17 Mar 2023,15451.1,15484.65,15376.25,15398.15
NIFTY MIDCAP150 QUALITY 50,16 Mar 2023,15407.6,15417.2,15257.55,15356.05
NIFTY MIDCAP150 QUALITY 50,15 Mar 2023,15474.15,15514.7,15400.25,15415.55
NIFTY MIDCAP150 QUALITY 50,14 Mar 2023,15518.25,15532.95,15304,15374.7
NIFTY MIDCAP150 QUALITY 50,13 Mar 2023,15733.45,15765.95,15450.05,15500.8
NIFTY MIDCAP150 QUALITY 50,10 Mar 2023,15717.7,15751.05,15591.75,15732.45
NIFTY MIDCAP150 QUALITY 50,09 Mar 2023,15928.1,15938.9,15776.3,15799.45
NIFTY MIDCAP150 QUALITY 50,08 Mar 2023,15854.55,15913.05,15811.85,15893.85
NIFTY MIDCAP150 QUALITY 50,06 Mar 2023,15849.55,15963.45,15844.8,15893.15
NIFTY MIDCAP150 QUALITY 50,03 Mar 2023,15875.45,15901.35,15761.7,15784.35
NIFTY MIDCAP150 QUALITY 50,02 Mar 2023,15894.4,15897.9,15803.3,15825.8
NIFTY MIDCAP150 QUALITY 50,01 Mar 2023,15740.75,15903.4,15740.5,15886.25
NIFTY MIDCAP150 QUALITY 50,28 Feb 2023,15732.25,15767.3,15670.6,15723.75
NIFTY MIDCAP150 QUALITY 50,27 Feb 2023,15758.6,15762.8,15548.55,15712.4
NIFTY MIDCAP150 QUALITY 50,24 Feb 2023,15780.65,15825.3,15740.55,15763.65
NIFTY MIDCAP150 QUALITY 50,23 Feb 2023,15807.15,15825.85,15642.7,15741.2
NIFTY MIDCAP150 QUALITY 50,22 Feb 2023,15820.9,15865.7,15740.7,15789.6
NIFTY MIDCAP150 QUALITY 50,21 Feb 2023,15850.15,15929.5,15820.6,15867.55
NIFTY MIDCAP150 QUALITY 50,20 Feb 2023,15805.65,15846.6,15675.25,15811.15
NIFTY MIDCAP150 QUALITY 50,17 Feb 2023,15807.2,15812.5,15756.85,15780.85
NIFTY MIDCAP150 QUALITY 50,16 Feb 2023,15735.3,15873.85,15728.65,15832.95
NIFTY MIDCAP150 QUALITY 50,15 Feb 2023,15623.95,15699.5,15595.4,15680.3
NIFTY MIDCAP150 QUALITY 50,14 Feb 2023,15701.7,15732.6,15616.7,15635.6
NIFTY MIDCAP150 QUALITY 50,13 Feb 2023,15882.45,15903.05,15666.7,15694.55
NIFTY MIDCAP150 QUALITY 50,10 Feb 2023,15902.1,16013.7,15847.25,15939.95
NIFTY MIDCAP150 QUALITY 50,09 Feb 2023,16001.65,16014.65,15891.35,15909.2
NIFTY MIDCAP150 QUALITY 50,08 Feb 2023,15953.6,16018.25,15904.35,15992.25
NIFTY MIDCAP150 QUALITY 50,07 Feb 2023,15956.7,15973.3,15848.95,15919.9
NIFTY MIDCAP150 QUALITY 50,06 Feb 2023,15832.15,15961.6,15812.2,15942.45
NIFTY MIDCAP150 QUALITY 50,03 Feb 2023,15926.5,15960.7,15738.55,15850.4
NIFTY MIDCAP150 QUALITY 50,02 Feb 2023,15808.45,15995.2,15802.65,15911.95
NIFTY MIDCAP150 QUALITY 50,01 Feb 2023,15952.55,16061.25,15655.9,15828.55
NIFTY MIDCAP150 QUALITY 50,31 Jan 2023,15757.35,15926.3,15663.45,15895.2
NIFTY MIDCAP150 QUALITY 50,30 Jan 2023,15704.75,15813.95,15628.7,15712.95
NIFTY MIDCAP150 QUALITY 50,27 Jan 2023,15790.6,15859.7,15572.45,15710.35
NIFTY MIDCAP150 QUALITY 50,25 Jan 2023,15900.25,15906,15713.35,15749.35
NIFTY MIDCAP150 QUALITY 50,24 Jan 2023,15957.7,16015.45,15909,15926.25
NIFTY MIDCAP150 QUALITY 50,23 Jan 2023,15862.3,15939.5,15795.4,15926.5
NIFTY MIDCAP150 QUALITY 50,20 Jan 2023,15944.45,15960.65,15817.55,15834.45
NIFTY MIDCAP150 QUALITY 50,19 Jan 2023,15929.6,16008.3,15909.3,15973.65
NIFTY MIDCAP150 QUALITY 50,18 Jan 2023,15936.6,15965.2,15910.25,15945.75
NIFTY MIDCAP150 QUALITY 50,17 Jan 2023,15927,15937.65,15858.15,15903.65
NIFTY MIDCAP150 QUALITY 50,16 Jan 2023,15990.95,16016.55,15888.45,15905.7
NIFTY MIDCAP150 QUALITY 50,13 Jan 2023,16037.2,16043.05,15916,15963.95
NIFTY MIDCAP150 QUALITY 50,12 Jan 2023,16014.7,16047.75,15956,16010.75
NIFTY MIDCAP150 QUALITY 50,11 Jan 2023,16089.9,16105.8,15951.35,15974.35
NIFTY MIDCAP150 QUALITY 50,10 Jan 2023,16093.25,16095.4,15981.2,16051.1
NIFTY MIDCAP150 QUALITY 50,09 Jan 2023,16102.25,16127.25,16007.35,16079.9
NIFTY MIDCAP150 QUALITY 50,06 Jan 2023,16092.05,16109.35,15959.95,15984.6
NIFTY MIDCAP150 QUALITY 50,05 Jan 2023,16095.4,16122.6,16025.45,16083.5
NIFTY MIDCAP150 QUALITY 50,04 Jan 2023,16150.85,16162.85,16025.65,16049.15
NIFTY MIDCAP150 QUALITY 50,03 Jan 2023,16106.85,16151.15,16083.2,16119.8
NIFTY MIDCAP150 QUALITY 50,02 Jan 2023,16068.45,16102.5,16021.2,16074.5
NIFTY MIDCAP150 QUALITY 50,30 Dec 2022,16108.45,16161.65,16004.15,16031.05
NIFTY MIDCAP150 QUALITY 50,29 Dec 2022,15993.8,16039.3,15944.4,16022.3
NIFTY MIDCAP150 QUALITY 50,28 Dec 2022,16006.5,16075.05,15936.95,16032.75
NIFTY MIDCAP150 QUALITY 50,27 Dec 2022,16022.95,16084.8,15936,16017.8
NIFTY MIDCAP150 QUALITY 50,26 Dec 2022,15694.2,15969.7,15571.5,15944.1
NIFTY MIDCAP150 QUALITY 50,23 Dec 2022,16017.6,16052.7,15676.25,15704.8
NIFTY MIDCAP150 QUALITY 50,22 Dec 2022,16338,16368.85,16038.9,16130.85
NIFTY MIDCAP150 QUALITY 50,21 Dec 2022,16433.05,16518.15,16233.2,16272.0
NIFTY MIDCAP150 QUALITY 50,20 Dec 2022,16367.25,16392.5,16248,16377.25
NIFTY MIDCAP150 QUALITY 50,19 Dec 2022,16347.25,16384.85,16230.65,16371.65
NIFTY MIDCAP150 QUALITY 50,16 Dec 2022,16476.15,16522.35,16311.4,16339.2
NIFTY MIDCAP150 QUALITY 50,15 Dec 2022,16703.8,16726.5,16501.7,16533.75
NIFTY MIDCAP150 QUALITY 50,14 Dec 2022,16677.25,16734.5,16670.2,16698.6
NIFTY MIDCAP150 QUALITY 50,13 Dec 2022,16667.3,16678.75,16612.2,16626.85
NIFTY MIDCAP150 QUALITY 50,12 Dec 2022,16647.55,16655.2,16523.7,16614.05
NIFTY MIDCAP150 QUALITY 50,09 Dec 2022,16809.6,16811.65,16556.8,16649.25
NIFTY MIDCAP150 QUALITY 50,08 Dec 2022,16701.75,16746.05,16671.2,16736.8
NIFTY MIDCAP150 QUALITY 50,07 Dec 2022,16780.95,16785.4,16649.05,16670.15
NIFTY MIDCAP150 QUALITY 50,06 Dec 2022,16851.5,16863.15,16740.55,16756.35
NIFTY MIDCAP150 QUALITY 50,05 Dec 2022,16962.55,16979.25,16833.4,16869.4
NIFTY MIDCAP150 QUALITY 50,02 Dec 2022,16758.15,16912.2,16724.15,16902.4
NIFTY MIDCAP150 QUALITY 50,01 Dec 2022,16699.55,16790.95,16674,16728.45
NIFTY MIDCAP150 QUALITY 50,30 Nov 2022,16499.9,16628.05,16486.9,16608.2
NIFTY MIDCAP150 QUALITY 50,29 Nov 2022,16560.05,16578.85,16465.95,16488.4
NIFTY MIDCAP150 QUALITY 50,28 Nov 2022,16520.2,16585.8,16509.8,16568.8
NIFTY MIDCAP150 QUALITY 50,25 Nov 2022,16403.3,16517.55,16385,16506.3
NIFTY MIDCAP150 QUALITY 50,24 Nov 2022,16395.2,16416.6,16317.6,16354.95
NIFTY MIDCAP150 QUALITY 50,23 Nov 2022,16405.8,16417.15,16322.85,16342.8
NIFTY MIDCAP150 QUALITY 50,22 Nov 2022,16360.8,16393.1,16315.15,16351.35
NIFTY MIDCAP150 QUALITY 50,21 Nov 2022,16311.05,16352.8,16274,16329.5
NIFTY MIDCAP150 QUALITY 50,18 Nov 2022,16455.4,16471,16236.7,16304.15
NIFTY MIDCAP150 QUALITY 50,17 Nov 2022,16522.1,16525.9,16397.25,16419.7
NIFTY MIDCAP150 QUALITY 50,16 Nov 2022,16603.95,16622.05,16475.6,16524.85
NIFTY MIDCAP150 QUALITY 50,15 Nov 2022,16588.2,16601.6,16507.05,16578.55
NIFTY MIDCAP150 QUALITY 50,14 Nov 2022,16475.8,16582.9,16410.8,16563.75
NIFTY MIDCAP150 QUALITY 50,11 Nov 2022,16544.65,16593.95,16441.8,16464.55
NIFTY MIDCAP150 QUALITY 50,10 Nov 2022,16473.3,16510.7,16325.65,16392.6
NIFTY MIDCAP150 QUALITY 50,09 Nov 2022,16694.2,16701.25,16511.75,16531.4
NIFTY MIDCAP150 QUALITY 50,07 Nov 2022,16628.15,16684.95,16570.2,16638.15
NIFTY MIDCAP150 QUALITY 50,04 Nov 2022,16608.7,16645.95,16515.7,16558.35
NIFTY MIDCAP150 QUALITY 50,03 Nov 2022,16553.05,16624.55,16545.35,16581.05
NIFTY MIDCAP150 QUALITY 50,02 Nov 2022,16600.85,16695.35,16596.25,16642.5
NIFTY MIDCAP150 QUALITY 50,01 Nov 2022,16477.9,16606,16456.5,16593.45
NIFTY MIDCAP150 QUALITY 50,31 Oct 2022,16280.9,16442.65,16279.6,16424.55
NIFTY MIDCAP150 QUALITY 50,28 Oct 2022,16421.4,16439.85,16195.8,16222.7
NIFTY MIDCAP150 QUALITY 50,27 Oct 2022,16417.45,16461.5,16344.2,16404.7
NIFTY MIDCAP150 QUALITY 50,25 Oct 2022,16446.05,16449.65,16341.05,16382.5
NIFTY MIDCAP150 QUALITY 50,24 Oct 2022,16495.65,16496.1,16406.65,16426.8
NIFTY MIDCAP150 QUALITY 50,21 Oct 2022,16552.3,16603.9,16314.65,16336.95
NIFTY MIDCAP150 QUALITY 50,20 Oct 2022,16439.35,16545.9,16401.45,16530.5
NIFTY MIDCAP150 QUALITY 50,19 Oct 2022,16548.85,16625.5,16461.9,16495.35
NIFTY MIDCAP150 QUALITY 50,18 Oct 2022,16509.15,16533.6,16447.05,16519.7
NIFTY MIDCAP150 QUALITY 50,17 Oct 2022,16408.8,16447.4,16303.75,16424.15
NIFTY MIDCAP150 QUALITY 50,14 Oct 2022,16602.2,16651.65,16446.8,16465.5
NIFTY MIDCAP150 QUALITY 50,13 Oct 2022,16488.75,16528.85,16372.5,16414.55
NIFTY MIDCAP150 QUALITY 50,12 Oct 2022,16497.05,16539.2,16340,16488.05
NIFTY MIDCAP150 QUALITY 50,11 Oct 2022,16741.45,16744.95,16412.8,16454.8
NIFTY MIDCAP150 QUALITY 50,10 Oct 2022,16728.95,16757.3,16641.1,16692.2
NIFTY MIDCAP150 QUALITY 50,07 Oct 2022,16946.85,16978.2,16785.3,16871.95
NIFTY MIDCAP150 QUALITY 50,06 Oct 2022,16863.85,16986.1,16860.5,16923.9
NIFTY MIDCAP150 QUALITY 50,04 Oct 2022,16699.4,16775.25,16649.15,16755.0
NIFTY MIDCAP150 QUALITY 50,03 Oct 2022,16717.3,16727.65,16424.95,16502.45
NIFTY MIDCAP150 QUALITY 50,30 Sep 2022,16500.3,16728.1,16360.3,16699.45
NIFTY MIDCAP150 QUALITY 50,29 Sep 2022,16587.65,16638.65,16369,16517.25
NIFTY MIDCAP150 QUALITY 50,28 Sep 2022,16400.1,16590.05,16369.75,16454.1
NIFTY MIDCAP150 QUALITY 50,27 Sep 2022,16545.75,16610.3,16341.8,16492.3
NIFTY MIDCAP150 QUALITY 50,26 Sep 2022,16733.05,16738,16331.85,16468.25
NIFTY MIDCAP150 QUALITY 50,23 Sep 2022,17110.2,17146.85,16829.35,16846.6
NIFTY MIDCAP150 QUALITY 50,22 Sep 2022,16932.75,17114.35,16905.95,17084.15
NIFTY MIDCAP150 QUALITY 50,21 Sep 2022,17120.8,17192.15,16945.7,16986.5
NIFTY MIDCAP150 QUALITY 50,20 Sep 2022,16926.15,17180.45,16925.75,17099.6
NIFTY MIDCAP150 QUALITY 50,19 Sep 2022,16936.2,16960.5,16695.65,16815.15
NIFTY MIDCAP150 QUALITY 50,16 Sep 2022,17307.75,17327.55,16821.6,16879.9
NIFTY MIDCAP150 QUALITY 50,15 Sep 2022,17418,17454.45,17239,17312.45
NIFTY MIDCAP150 QUALITY 50,14 Sep 2022,17242.15,17377.25,17198.6,17319.0
NIFTY MIDCAP150 QUALITY 50,13 Sep 2022,17506.35,17555.5,17426.3,17445.85
NIFTY MIDCAP150 QUALITY 50,12 Sep 2022,17374.8,17452.6,17329.45,17421.5
NIFTY MIDCAP150 QUALITY 50,09 Sep 2022,17302.95,17369.1,17239.6,17291.15
NIFTY MIDCAP150 QUALITY 50,08 Sep 2022,17245.55,17294.95,17169.95,17203.75
NIFTY MIDCAP150 QUALITY 50,07 Sep 2022,17044.75,17158.7,17011.25,17141.75
NIFTY MIDCAP150 QUALITY 50,06 Sep 2022,17117.95,17168.75,17045.8,17063.35
NIFTY MIDCAP150 QUALITY 50,05 Sep 2022,17051.7,17106.4,17037,17052.05
NIFTY MIDCAP150 QUALITY 50,02 Sep 2022,17137.65,17168.05,16975.15,16991.9
NIFTY MIDCAP150 QUALITY 50,01 Sep 2022,16980.6,17101.5,16957.95,17055.95
NIFTY MIDCAP150 QUALITY 50,30 Aug 2022,16970.1,17040.35,16962.2,17024.85
NIFTY MIDCAP150 QUALITY 50,29 Aug 2022,16598.85,16878.25,16597.55,16839.0
NIFTY MIDCAP150 QUALITY 50,26 Aug 2022,17136,17198.25,16993.5,17019.85
NIFTY MIDCAP150 QUALITY 50,25 Aug 2022,17176.95,17200.4,17022.2,17047.7
NIFTY MIDCAP150 QUALITY 50,24 Aug 2022,16997.7,17094.25,16992.85,17083.5
NIFTY MIDCAP150 QUALITY 50,23 Aug 2022,16762.6,17033.2,16735.6,16999.8
NIFTY MIDCAP150 QUALITY 50,22 Aug 2022,17081.1,17086.1,16866,16889.45
NIFTY MIDCAP150 QUALITY 50,19 Aug 2022,17367.35,17394.7,17107.65,17137.0
NIFTY MIDCAP150 QUALITY 50,18 Aug 2022,17352,17400.05,17292.15,17328.25
NIFTY MIDCAP150 QUALITY 50,17 Aug 2022,17300.35,17375.15,17282.1,17342.05
NIFTY MIDCAP150 QUALITY 50,16 Aug 2022,17123.45,17226.5,17077.6,17218.8
NIFTY MIDCAP150 QUALITY 50,12 Aug 2022,16973.75,17039.75,16906.45,17020.25
NIFTY MIDCAP150 QUALITY 50,11 Aug 2022,16953.75,17004.75,16918.5,16946.75
NIFTY MIDCAP150 QUALITY 50,10 Aug 2022,16906.1,16929.55,16809.35,16846.7
NIFTY MIDCAP150 QUALITY 50,08 Aug 2022,16830.6,16910,16782.25,16858.05
NIFTY MIDCAP150 QUALITY 50,05 Aug 2022,16810.2,16880.6,16744.65,16788.0
NIFTY MIDCAP150 QUALITY 50,04 Aug 2022,16671,16825.95,16459.45,16796.75
NIFTY MIDCAP150 QUALITY 50,03 Aug 2022,16659.55,16682.95,16495.55,16592.65
NIFTY MIDCAP150 QUALITY 50,02 Aug 2022,16648.25,16703.3,16563.05,16661.55
NIFTY MIDCAP150 QUALITY 50,01 Aug 2022,16434.5,16638.75,16375.45,16623.65
NIFTY MIDCAP150 QUALITY 50,29 Jul 2022,16233.15,16382.4,16224.2,16336.95
NIFTY MIDCAP150 QUALITY 50,28 Jul 2022,16117.85,16166.25,16041.45,16141.2
NIFTY MIDCAP150 QUALITY 50,27 Jul 2022,15825.2,16053.05,15774.35,16033.7
NIFTY MIDCAP150 QUALITY 50,26 Jul 2022,16042.35,16048.9,15805.45,15831.7
NIFTY MIDCAP150 QUALITY 50,25 Jul 2022,16044.95,16082.4,15986,16038.1
NIFTY MIDCAP150 QUALITY 50,22 Jul 2022,16027.35,16053.25,15957.2,16018.25
NIFTY MIDCAP150 QUALITY 50,21 Jul 2022,15879.75,15991.65,15816.65,15968.05
NIFTY MIDCAP150 QUALITY 50,20 Jul 2022,15889.8,15943.5,15824.85,15854.45
NIFTY MIDCAP150 QUALITY 50,19 Jul 2022,15672.75,15781.55,15643,15762.55
NIFTY MIDCAP150 QUALITY 50,18 Jul 2022,15650.65,15697.85,15636.7,15685.75
NIFTY MIDCAP150 QUALITY 50,15 Jul 2022,15519.85,15564.45,15461.65,15539.2
NIFTY MIDCAP150 QUALITY 50,14 Jul 2022,15522.6,15571.1,15379.05,15464.1
NIFTY MIDCAP150 QUALITY 50,13 Jul 2022,15538.35,15591.6,15463.25,15491.9
NIFTY MIDCAP150 QUALITY 50,12 Jul 2022,15541.55,15581.9,15440.65,15465.95
NIFTY MIDCAP150 QUALITY 50,11 Jul 2022,15443,15588.5,15399.7,15572.75
NIFTY MIDCAP150 QUALITY 50,08 Jul 2022,15570.25,15580.6,15427.75,15476.25
NIFTY MIDCAP150 QUALITY 50,07 Jul 2022,15388.8,15498.7,15385.75,15473.8
NIFTY MIDCAP150 QUALITY 50,06 Jul 2022,15097.2,15315.2,15021.8,15299.55
NIFTY MIDCAP150 QUALITY 50,05 Jul 2022,15191.85,15249.25,15061.6,15073.7
NIFTY MIDCAP150 QUALITY 50,04 Jul 2022,15077,15158.5,15025.25,15139.7
NIFTY MIDCAP150 QUALITY 50,01 Jul 2022,14963.7,15061.25,14849.45,15038.55
NIFTY MIDCAP150 QUALITY 50,30 Jun 2022,15097.5,15145.15,14952.1,15003.1
NIFTY MIDCAP150 QUALITY 50,29 Jun 2022,14977.75,15116.1,14963.8,15098.05
NIFTY MIDCAP150 QUALITY 50,28 Jun 2022,15044.65,15098.55,14972.55,15087.1
NIFTY MIDCAP150 QUALITY 50,27 Jun 2022,15067.35,15130.9,15028.9,15090.75
NIFTY MIDCAP150 QUALITY 50,24 Jun 2022,14875,14923.7,14833.25,14892.5
NIFTY MIDCAP150 QUALITY 50,23 Jun 2022,14678.05,14807.35,14622.6,14776.6
NIFTY MIDCAP150 QUALITY 50,22 Jun 2022,14795.95,14798.55,14620.05,14636.6
NIFTY MIDCAP150 QUALITY 50,21 Jun 2022,14599.2,14842.65,14591.9,14816.9
NIFTY MIDCAP150 QUALITY 50,20 Jun 2022,14788.55,14812.5,14452.7,14515.95
NIFTY MIDCAP150 QUALITY 50,17 Jun 2022,14746.65,14856.85,14610.6,14758.35
NIFTY MIDCAP150 QUALITY 50,16 Jun 2022,15284.35,15301.85,14804.1,14836.85
NIFTY MIDCAP150 QUALITY 50,15 Jun 2022,15149.7,15197.6,15097.9,15124.8
NIFTY MIDCAP150 QUALITY 50,14 Jun 2022,15011.35,15194.4,15005.6,15048.5
NIFTY MIDCAP150 QUALITY 50,13 Jun 2022,15224.5,15237.15,15065.5,15077.45
NIFTY MIDCAP150 QUALITY 50,10 Jun 2022,15419.5,15470.15,15371.25,15443.45
NIFTY MIDCAP150 QUALITY 50,09 Jun 2022,15436.75,15559.6,15376.25,15540.3
NIFTY MIDCAP150 QUALITY 50,08 Jun 2022,15592.95,15619.8,15443.7,15494.8
NIFTY MIDCAP150 QUALITY 50,07 Jun 2022,15658.35,15674.6,15506.75,15571.1
NIFTY MIDCAP150 QUALITY 50,06 Jun 2022,15739.8,15751.2,15563.1,15698.55
NIFTY MIDCAP150 QUALITY 50,03 Jun 2022,16029.35,16058.9,15726.85,15749.5
NIFTY MIDCAP150 QUALITY 50,02 Jun 2022,15873.9,15924.4,15804.9,15909.8
NIFTY MIDCAP150 QUALITY 50,01 Jun 2022,15806.15,15929.5,15796.7,15867.05
NIFTY MIDCAP150 QUALITY 50,31 May 2022,15698.8,15833.05,15672.15,15764.75
NIFTY MIDCAP150 QUALITY 50,30 May 2022,15540.4,15714.8,15529.35,15673.15
NIFTY MIDCAP150 QUALITY 50,27 May 2022,15285.15,15394.1,15247.05,15373.15
NIFTY MIDCAP150 QUALITY 50,26 May 2022,15078.45,15157.85,14844.75,15114.3
NIFTY MIDCAP150 QUALITY 50,25 May 2022,15426.45,15444.35,15012.5,15023.5
NIFTY MIDCAP150 QUALITY 50,24 May 2022,15481.35,15510.75,15352.65,15384.45
NIFTY MIDCAP150 QUALITY 50,23 May 2022,15558.25,15621.9,15439.95,15461.65
NIFTY MIDCAP150 QUALITY 50,20 May 2022,15481.35,15548.5,15433.55,15504.05
NIFTY MIDCAP150 QUALITY 50,19 May 2022,15387.65,15414.95,15220.95,15282.15
NIFTY MIDCAP150 QUALITY 50,18 May 2022,15752.1,15859.3,15634.15,15689.85
NIFTY MIDCAP150 QUALITY 50,17 May 2022,15417.65,15686.65,15389.15,15665.95
NIFTY MIDCAP150 QUALITY 50,16 May 2022,15266.1,15405.6,15157.6,15362.05
NIFTY MIDCAP150 QUALITY 50,13 May 2022,15253.2,15390.45,15155.75,15182.35
NIFTY MIDCAP150 QUALITY 50,12 May 2022,15212.25,15226.6,14960.45,15079.4
NIFTY MIDCAP150 QUALITY 50,11 May 2022,15368.6,15430.25,15036.2,15321.45
NIFTY MIDCAP150 QUALITY 50,10 May 2022,15612.55,15724.05,15276,15317.65
NIFTY MIDCAP150 QUALITY 50,09 May 2022,15761.2,15775.9,15511.65,15641.75
NIFTY MIDCAP150 QUALITY 50,06 May 2022,15927.95,15946.6,15741.5,15854.1
NIFTY MIDCAP150 QUALITY 50,05 May 2022,16275.55,16314.95,16125.6,16158.7
NIFTY MIDCAP150 QUALITY 50,04 May 2022,16538.3,16553.6,16098.15,16159.45
NIFTY MIDCAP150 QUALITY 50,02 May 2022,16449.9,16477,16341,16440.4
NIFTY MIDCAP150 QUALITY 50,29 Apr 2022,16733.15,16752.95,16530.15,16551.15
NIFTY MIDCAP150 QUALITY 50,28 Apr 2022,16668.35,16701.7,16530.3,16655.4
NIFTY MIDCAP150 QUALITY 50,27 Apr 2022,16559.4,16607.35,16414.5,16557.2
NIFTY MIDCAP150 QUALITY 50,26 Apr 2022,16698.25,16773.85,16612.2,16651.8
NIFTY MIDCAP150 QUALITY 50,25 Apr 2022,16757.55,16757.55,16511.35,16560.7
NIFTY MIDCAP150 QUALITY 50,22 Apr 2022,16790.3,16947.95,16723.4,16846.25
NIFTY MIDCAP150 QUALITY 50,21 Apr 2022,16747.65,16864.95,16733.6,16844.4
NIFTY MIDCAP150 QUALITY 50,20 Apr 2022,16690.1,16816.35,16622.4,16675.9
NIFTY MIDCAP150 QUALITY 50,19 Apr 2022,16913.4,16967.65,16497.45,16622.45
NIFTY MIDCAP150 QUALITY 50,18 Apr 2022,16899.05,16901.55,16689.2,16804.45
NIFTY MIDCAP150 QUALITY 50,13 Apr 2022,17101.65,17148.45,16984.6,16995.6
NIFTY MIDCAP150 QUALITY 50,12 Apr 2022,17247.4,17252.65,16910.1,16993.35
NIFTY MIDCAP150 QUALITY 50,11 Apr 2022,17201.55,17262.25,17142.65,17242.75
NIFTY MIDCAP150 QUALITY 50,08 Apr 2022,17155.1,17203.05,17101.25,17147.0
NIFTY MIDCAP150 QUALITY 50,07 Apr 2022,17111.6,17181.9,17036.85,17051.85
NIFTY MIDCAP150 QUALITY 50,06 Apr 2022,17118.6,17168.3,17041.1,17090.65
NIFTY MIDCAP150 QUALITY 50,05 Apr 2022,17052.35,17196.1,17012.5,17136.0
NIFTY MIDCAP150 QUALITY 50,04 Apr 2022,16838.8,16954.45,16831.45,16940.15
NIFTY MIDCAP150 QUALITY 50,01 Apr 2022,16700.1,16788.9,16663.55,16733.8
NIFTY MIDCAP150 QUALITY 50,31 Mar 2022,16690.55,16775.7,16649.45,16679.45
NIFTY MIDCAP150 QUALITY 50,30 Mar 2022,16580.35,16657.8,16505.05,16642.05
NIFTY MIDCAP150 QUALITY 50,29 Mar 2022,16387.05,16474.6,16341.5,16457.9
NIFTY MIDCAP150 QUALITY 50,28 Mar 2022,16364.25,16395.15,16184.45,16317.05
NIFTY MIDCAP150 QUALITY 50,25 Mar 2022,16481.15,16504.25,16242.45,16328.65
NIFTY MIDCAP150 QUALITY 50,24 Mar 2022,16366.75,16468.9,16346.65,16420.45
NIFTY MIDCAP150 QUALITY 50,23 Mar 2022,16497.1,16568.9,16387.8,16411.85
NIFTY MIDCAP150 QUALITY 50,22 Mar 2022,16472.85,16478.5,16261.85,16419.3
NIFTY MIDCAP150 QUALITY 50,21 Mar 2022,16572.45,16580.1,16429.75,16458.05
NIFTY MIDCAP150 QUALITY 50,17 Mar 2022,16415.1,16495.8,16396.1,16454.95
NIFTY MIDCAP150 QUALITY 50,16 Mar 2022,16181.5,16260.6,16130.05,16244.9
NIFTY MIDCAP150 QUALITY 50,15 Mar 2022,16260.35,16286.65,15970.3,16019.3
NIFTY MIDCAP150 QUALITY 50,14 Mar 2022,16220.2,16252.1,16082.9,16196.1
NIFTY MIDCAP150 QUALITY 50,11 Mar 2022,16085.1,16199.95,16028.25,16180.2
NIFTY MIDCAP150 QUALITY 50,10 Mar 2022,16264.3,16282.3,16045.5,16076.35
NIFTY MIDCAP150 QUALITY 50,09 Mar 2022,15883.3,16004.35,15794.85,15983.6
NIFTY MIDCAP150 QUALITY 50,08 Mar 2022,15544.3,15758.45,15489.9,15742.45
NIFTY MIDCAP150 QUALITY 50,07 Mar 2022,15512.1,15585.55,15303.95,15502.9
NIFTY MIDCAP150 QUALITY 50,04 Mar 2022,15935.3,15942.25,15709.85,15730.65
NIFTY MIDCAP150 QUALITY 50,03 Mar 2022,16236.7,16257.9,15978.45,16007.0
NIFTY MIDCAP150 QUALITY 50,02 Mar 2022,16066.5,16210.1,15992.35,16062.6
NIFTY MIDCAP150 QUALITY 50,28 Feb 2022,15835.95,16181.1,15698.25,16159.3
NIFTY MIDCAP150 QUALITY 50,25 Feb 2022,15621.9,15963.1,15621.45,15939.9
NIFTY MIDCAP150 QUALITY 50,24 Feb 2022,15688.4,15797.6,15343.9,15386.25
NIFTY MIDCAP150 QUALITY 50,23 Feb 2022,16116.3,16239.1,16085.8,16113.25
NIFTY MIDCAP150 QUALITY 50,22 Feb 2022,15747.95,16028.7,15747.95,15999.85
NIFTY MIDCAP150 QUALITY 50,21 Feb 2022,16265,16279.8,16055.9,16137.4
NIFTY MIDCAP150 QUALITY 50,18 Feb 2022,16356.3,16459.85,16330.35,16347.65
NIFTY MIDCAP150 QUALITY 50,17 Feb 2022,16585.85,16603,16407.8,16438.3
NIFTY MIDCAP150 QUALITY 50,16 Feb 2022,16690.3,16703.95,16469.25,16511.6
NIFTY MIDCAP150 QUALITY 50,15 Feb 2022,16331.5,16551,16089,16535.85
NIFTY MIDCAP150 QUALITY 50,14 Feb 2022,16419.05,16483.2,16214.5,16258.1
NIFTY MIDCAP150 QUALITY 50,11 Feb 2022,16939.95,16966,16721.4,16744.55
NIFTY MIDCAP150 QUALITY 50,10 Feb 2022,17180.35,17194.9,17059.35,17081.0
NIFTY MIDCAP150 QUALITY 50,09 Feb 2022,17027.85,17150.85,17024.15,17133.5
NIFTY MIDCAP150 QUALITY 50,08 Feb 2022,17125.05,17169.65,16865.8,16976.1
NIFTY MIDCAP150 QUALITY 50,07 Feb 2022,17246.85,17279.75,16994.25,17067.45
NIFTY MIDCAP150 QUALITY 50,04 Feb 2022,17295.85,17357.2,17186,17206.0
NIFTY MIDCAP150 QUALITY 50,03 Feb 2022,17537.4,17537.4,17252.75,17281.55
NIFTY MIDCAP150 QUALITY 50,02 Feb 2022,17424.45,17554.95,17392.4,17508.05
NIFTY MIDCAP150 QUALITY 50,01 Feb 2022,17432.65,17471.8,17169,17338.8
NIFTY MIDCAP150 QUALITY 50,31 Jan 2022,17257.65,17316.1,17212.8,17271.75
NIFTY MIDCAP150 QUALITY 50,28 Jan 2022,16901.05,17276.05,16900,17047.0
NIFTY MIDCAP150 QUALITY 50,27 Jan 2022,17010.9,17022.05,16686.05,16791.05
NIFTY MIDCAP150 QUALITY 50,25 Jan 2022,16834.7,17118.1,16534.55,17097.7
NIFTY MIDCAP150 QUALITY 50,24 Jan 2022,17612.45,17652.75,16858.9,16975.4
NIFTY MIDCAP150 QUALITY 50,21 Jan 2022,17894.4,17937.55,17541.85,17607.4
NIFTY MIDCAP150 QUALITY 50,20 Jan 2022,17933.45,17993.8,17888.6,17955.5
NIFTY MIDCAP150 QUALITY 50,19 Jan 2022,17992.45,17996.8,17755.15,17937.75
NIFTY MIDCAP150 QUALITY 50,18 Jan 2022,18407.5,18411.85,17944.6,18000.5
NIFTY MIDCAP150 QUALITY 50,17 Jan 2022,18326.4,18371.4,18287.35,18332.25
NIFTY MIDCAP150 QUALITY 50,14 Jan 2022,18247.15,18311.95,18181.7,18282.5
NIFTY MIDCAP150 QUALITY 50,13 Jan 2022,18236.35,18312.25,18151.45,18279.0
NIFTY MIDCAP150 QUALITY 50,12 Jan 2022,18125.05,18201.15,18098.95,18181.7
NIFTY MIDCAP150 QUALITY 50,11 Jan 2022,18032.3,18123.75,18017.4,18051.15
NIFTY MIDCAP150 QUALITY 50,10 Jan 2022,18057.95,18079.5,17982.55,18028.2
NIFTY MIDCAP150 QUALITY 50,07 Jan 2022,-,-,-,17975.23
NIFTY MIDCAP150 QUALITY 50,06 Jan 2022,-,-,-,17920.7
NIFTY MIDCAP150 QUALITY 50,05 Jan 2022,-,-,-,17965.76
NIFTY MIDCAP150 QUALITY 50,04 Jan 2022,-,-,-,18002.26
NIFTY MIDCAP150 QUALITY 50,03 Jan 2022,-,-,-,17947.71
NIFTY MIDCAP150 QUALITY 50,31 Dec 2021,-,-,-,17802.02
NIFTY MIDCAP150 QUALITY 50,30 Dec 2021,-,-,-,17607.36
NIFTY MIDCAP150 QUALITY 50,29 Dec 2021,-,-,-,17567.55
NIFTY MIDCAP150 QUALITY 50,28 Dec 2021,-,-,-,17526.75
NIFTY MIDCAP150 QUALITY 50,27 Dec 2021,-,-,-,17306.06
NIFTY MIDCAP150 QUALITY 50,24 Dec 2021,-,-,-,17270.63
NIFTY MIDCAP150 QUALITY 50,23 Dec 2021,-,-,-,17348.98
NIFTY MIDCAP150 QUALITY 50,22 Dec 2021,-,-,-,17215.72
NIFTY MIDCAP150 QUALITY 50,21 Dec 2021,-,-,-,17030.92
NIFTY MIDCAP150 QUALITY 50,20 Dec 2021,-,-,-,16851.07
NIFTY MIDCAP150 QUALITY 50,17 Dec 2021,-,-,-,17406.34
NIFTY MIDCAP150 QUALITY 50,16 Dec 2021,-,-,-,17640.11
NIFTY MIDCAP150 QUALITY 50,15 Dec 2021,-,-,-,17722.29
NIFTY MIDCAP150 QUALITY 50,14 Dec 2021,-,-,-,17800.17
NIFTY MIDCAP150 QUALITY 50,13 Dec 2021,-,-,-,17827.75
NIFTY MIDCAP150 QUALITY 50,10 Dec 2021,-,-,-,17863.14
NIFTY MIDCAP150 QUALITY 50,09 Dec 2021,-,-,-,17794.65
NIFTY MIDCAP150 QUALITY 50,08 Dec 2021,-,-,-,17775.6
NIFTY MIDCAP150 QUALITY 50,07 Dec 2021,-,-,-,17615.5
NIFTY MIDCAP150 QUALITY 50,06 Dec 2021,-,-,-,17402.33
NIFTY MIDCAP150 QUALITY 50,03 Dec 2021,-,-,-,17639.46
NIFTY MIDCAP150 QUALITY 50,02 Dec 2021,-,-,-,17685.48
NIFTY MIDCAP150 QUALITY 50,01 Dec 2021,-,-,-,17480.57
NIFTY MIDCAP150 QUALITY 50,30 Nov 2021,-,-,-,17435.65
NIFTY MIDCAP150 QUALITY 50,29 Nov 2021,-,-,-,17227.85
NIFTY MIDCAP150 QUALITY 50,26 Nov 2021,-,-,-,17365.65
NIFTY MIDCAP150 QUALITY 50,25 Nov 2021,-,-,-,17760.51
NIFTY MIDCAP150 QUALITY 50,24 Nov 2021,-,-,-,17677.35
NIFTY MIDCAP150 QUALITY 50,23 Nov 2021,-,-,-,17771.38
NIFTY MIDCAP150 QUALITY 50,22 Nov 2021,-,-,-,17606.21
NIFTY MIDCAP150 QUALITY 50,18 Nov 2021,-,-,-,18080.4
NIFTY MIDCAP150 QUALITY 50,17 Nov 2021,-,-,-,18409.26
NIFTY MIDCAP150 QUALITY 50,16 Nov 2021,-,-,-,18394.75
NIFTY MIDCAP150 QUALITY 50,15 Nov 2021,-,-,-,18440.0
NIFTY MIDCAP150 QUALITY 50,12 Nov 2021,-,-,-,18373.33
NIFTY MIDCAP150 QUALITY 50,11 Nov 2021,-,-,-,18290.5
NIFTY MIDCAP150 QUALITY 50,10 Nov 2021,-,-,-,18295.06
NIFTY MIDCAP150 QUALITY 50,09 Nov 2021,-,-,-,18329.21
NIFTY MIDCAP150 QUALITY 50,08 Nov 2021,-,-,-,18216.63
NIFTY MIDCAP150 QUALITY 50,04 Nov 2021,-,-,-,18077.61
NIFTY MIDCAP150 QUALITY 50,03 Nov 2021,-,-,-,17902.14
NIFTY MIDCAP150 QUALITY 50,02 Nov 2021,-,-,-,17912.52
NIFTY MIDCAP150 QUALITY 50,01 Nov 2021,-,-,-,17946.16
NIFTY MIDCAP150 QUALITY 50,29 Oct 2021,-,-,-,17652.19
NIFTY MIDCAP150 QUALITY 50,28 Oct 2021,-,-,-,17655.77
NIFTY MIDCAP150 QUALITY 50,27 Oct 2021,-,-,-,17795.17
NIFTY MIDCAP150 QUALITY 50,26 Oct 2021,-,-,-,17739.38
NIFTY MIDCAP150 QUALITY 50,25 Oct 2021,-,-,-,17478.84
NIFTY MIDCAP150 QUALITY 50,22 Oct 2021,-,-,-,17785.91
NIFTY MIDCAP150 QUALITY 50,21 Oct 2021,-,-,-,17901.6
NIFTY MIDCAP150 QUALITY 50,20 Oct 2021,-,-,-,18189.0
NIFTY MIDCAP150 QUALITY 50,19 Oct 2021,-,-,-,18664.03
NIFTY MIDCAP150 QUALITY 50,18 Oct 2021,-,-,-,18734.62
NIFTY MIDCAP150 QUALITY 50,14 Oct 2021,-,-,-,18623.2
NIFTY MIDCAP150 QUALITY 50,13 Oct 2021,-,-,-,18500.39
NIFTY MIDCAP150 QUALITY 50,12 Oct 2021,-,-,-,18416.35
NIFTY MIDCAP150 QUALITY 50,11 Oct 2021,-,-,-,18419.43
NIFTY MIDCAP150 QUALITY 50,08 Oct 2021,-,-,-,18440.99
NIFTY MIDCAP150 QUALITY 50,07 Oct 2021,-,-,-,18359.95
NIFTY MIDCAP150 QUALITY 50,06 Oct 2021,-,-,-,18010.16
NIFTY MIDCAP150 QUALITY 50,05 Oct 2021,-,-,-,18048.73
NIFTY MIDCAP150 QUALITY 50,04 Oct 2021,-,-,-,17923.98
NIFTY MIDCAP150 QUALITY 50,01 Oct 2021,-,-,-,17620.42
NIFTY MIDCAP150 QUALITY 50,30 Sep 2021,-,-,-,17561.37
NIFTY MIDCAP150 QUALITY 50,29 Sep 2021,-,-,-,17571.86
NIFTY MIDCAP150 QUALITY 50,28 Sep 2021,-,-,-,17514.27
NIFTY MIDCAP150 QUALITY 50,27 Sep 2021,-,-,-,17689.57
NIFTY MIDCAP150 QUALITY 50,24 Sep 2021,-,-,-,17874.58
NIFTY MIDCAP150 QUALITY 50,23 Sep 2021,-,-,-,17941.51
NIFTY MIDCAP150 QUALITY 50,22 Sep 2021,-,-,-,17770.1
NIFTY MIDCAP150 QUALITY 50,21 Sep 2021,-,-,-,17610.42
NIFTY MIDCAP150 QUALITY 50,20 Sep 2021,-,-,-,17536.02
NIFTY MIDCAP150 QUALITY 50,17 Sep 2021,-,-,-,17752.2
NIFTY MIDCAP150 QUALITY 50,16 Sep 2021,-,-,-,17896.27
NIFTY MIDCAP150 QUALITY 50,15 Sep 2021,-,-,-,17912.98
NIFTY MIDCAP150 QUALITY 50,14 Sep 2021,-,-,-,17768.93
NIFTY MIDCAP150 QUALITY 50,13 Sep 2021,-,-,-,17627.59
NIFTY MIDCAP150 QUALITY 50,09 Sep 2021,-,-,-,17485.66
NIFTY MIDCAP150 QUALITY 50,08 Sep 2021,-,-,-,17388.86
NIFTY MIDCAP150 QUALITY 50,07 Sep 2021,-,-,-,17391.49
NIFTY MIDCAP150 QUALITY 50,06 Sep 2021,-,-,-,17457.1
NIFTY MIDCAP150 QUALITY 50,03 Sep 2021,-,-,-,17402.42
NIFTY MIDCAP150 QUALITY 50,02 Sep 2021,-,-,-,17305.55
NIFTY MIDCAP150 QUALITY 50,01 Sep 2021,-,-,-,17168.63
NIFTY MIDCAP150 QUALITY 50,31 Aug 2021,-,-,-,17051.57
NIFTY MIDCAP150 QUALITY 50,30 Aug 2021,-,-,-,16909.71
NIFTY MIDCAP150 QUALITY 50,27 Aug 2021,-,-,-,16750.51
NIFTY MIDCAP150 QUALITY 50,26 Aug 2021,-,-,-,16548.52
NIFTY MIDCAP150 QUALITY 50,25 Aug 2021,-,-,-,16598.33
NIFTY MIDCAP150 QUALITY 50,24 Aug 2021,-,-,-,16588.35
NIFTY MIDCAP150 QUALITY 50,23 Aug 2021,-,-,-,16482.27
NIFTY MIDCAP150 QUALITY 50,20 Aug 2021,-,-,-,16589.77
NIFTY MIDCAP150 QUALITY 50,18 Aug 2021,-,-,-,16792.54
NIFTY MIDCAP150 QUALITY 50,17 Aug 2021,-,-,-,16731.23
NIFTY MIDCAP150 QUALITY 50,16 Aug 2021,-,-,-,16585.56
NIFTY MIDCAP150 QUALITY 50,13 Aug 2021,-,-,-,16647.21
NIFTY MIDCAP150 QUALITY 50,12 Aug 2021,-,-,-,16635.76
NIFTY MIDCAP150 QUALITY 50,11 Aug 2021,-,-,-,16478.48
NIFTY MIDCAP150 QUALITY 50,10 Aug 2021,-,-,-,16687.8
NIFTY MIDCAP150 QUALITY 50,09 Aug 2021,-,-,-,16800.2
NIFTY MIDCAP150 QUALITY 50,06 Aug 2021,-,-,-,16907.18
NIFTY MIDCAP150 QUALITY 50,05 Aug 2021,-,-,-,16953.09
NIFTY MIDCAP150 QUALITY 50,04 Aug 2021,-,-,-,16924.7
NIFTY MIDCAP150 QUALITY 50,03 Aug 2021,-,-,-,17094.08
NIFTY MIDCAP150 QUALITY 50,02 Aug 2021,-,-,-,17039.96
NIFTY MIDCAP150 QUALITY 50,30 Jul 2021,-,-,-,16844.98
NIFTY MIDCAP150 QUALITY 50,29 Jul 2021,-,-,-,16735.48
NIFTY MIDCAP150 QUALITY 50,28 Jul 2021,-,-,-,16594.61
NIFTY MIDCAP150 QUALITY 50,27 Jul 2021,-,-,-,16658.37
NIFTY MIDCAP150 QUALITY 50,26 Jul 2021,-,-,-,16738.22
NIFTY MIDCAP150 QUALITY 50,23 Jul 2021,-,-,-,16695.14
NIFTY MIDCAP150 QUALITY 50,22 Jul 2021,-,-,-,16669.1
NIFTY MIDCAP150 QUALITY 50,20 Jul 2021,-,-,-,16467.63
NIFTY MIDCAP150 QUALITY 50,19 Jul 2021,-,-,-,16621.04
NIFTY MIDCAP150 QUALITY 50,16 Jul 2021,-,-,-,16614.8
NIFTY MIDCAP150 QUALITY 50,15 Jul 2021,-,-,-,16603.56
NIFTY MIDCAP150 QUALITY 50,14 Jul 2021,-,-,-,16529.18
NIFTY MIDCAP150 QUALITY 50,13 Jul 2021,-,-,-,16368.44
NIFTY MIDCAP150 QUALITY 50,12 Jul 2021,-,-,-,16352.55
NIFTY MIDCAP150 QUALITY 50,09 Jul 2021,-,-,-,16272.03
NIFTY MIDCAP150 QUALITY 50,08 Jul 2021,-,-,-,16213.44
NIFTY MIDCAP150 QUALITY 50,07 Jul 2021,-,-,-,16254.72
NIFTY MIDCAP150 QUALITY 50,06 Jul 2021,-,-,-,16235.87
NIFTY MIDCAP150 QUALITY 50,05 Jul 2021,-,-,-,16260.65
NIFTY MIDCAP150 QUALITY 50,02 Jul 2021,-,-,-,16255.95
NIFTY MIDCAP150 QUALITY 50,01 Jul 2021,-,-,-,16067.53
NIFTY MIDCAP150 QUALITY 50,30 Jun 2021,-,-,-,16042.58
NIFTY MIDCAP150 QUALITY 50,29 Jun 2021,-,-,-,15886.83
NIFTY MIDCAP150 QUALITY 50,28 Jun 2021,-,-,-,15929.11
NIFTY MIDCAP150 QUALITY 50,25 Jun 2021,-,-,-,15905.99
NIFTY MIDCAP150 QUALITY 50,24 Jun 2021,-,-,-,15849.62
NIFTY MIDCAP150 QUALITY 50,23 Jun 2021,-,-,-,15803.07
NIFTY MIDCAP150 QUALITY 50,22 Jun 2021,-,-,-,15740.37
NIFTY MIDCAP150 QUALITY 50,21 Jun 2021,-,-,-,15715.62
NIFTY MIDCAP150 QUALITY 50,18 Jun 2021,-,-,-,15683.26
NIFTY MIDCAP150 QUALITY 50,17 Jun 2021,-,-,-,15743.3
NIFTY MIDCAP150 QUALITY 50,16 Jun 2021,-,-,-,15819.33
NIFTY MIDCAP150 QUALITY 50,15 Jun 2021,-,-,-,15871.88
NIFTY MIDCAP150 QUALITY 50,14 Jun 2021,-,-,-,15729.96
NIFTY MIDCAP150 QUALITY 50,11 Jun 2021,-,-,-,15716.17
NIFTY MIDCAP150 QUALITY 50,10 Jun 2021,-,-,-,15687.16
NIFTY MIDCAP150 QUALITY 50,09 Jun 2021,-,-,-,15551.51
NIFTY MIDCAP150 QUALITY 50,08 Jun 2021,-,-,-,15675.44
NIFTY MIDCAP150 QUALITY 50,07 Jun 2021,-,-,-,15551.65
NIFTY MIDCAP150 QUALITY 50,04 Jun 2021,-,-,-,15418.06
NIFTY MIDCAP150 QUALITY 50,03 Jun 2021,-,-,-,15321.87
NIFTY MIDCAP150 QUALITY 50,02 Jun 2021,-,-,-,15213.66
NIFTY MIDCAP150 QUALITY 50,01 Jun 2021,-,-,-,15089.73
NIFTY MIDCAP150 QUALITY 50,31 May 2021,-,-,-,15155.58
NIFTY MIDCAP150 QUALITY 50,28 May 2021,-,-,-,15145.96
NIFTY MIDCAP150 QUALITY 50,27 May 2021,-,-,-,15193.95
NIFTY MIDCAP150 QUALITY 50,26 May 2021,-,-,-,15087.43
NIFTY MIDCAP150 QUALITY 50,25 May 2021,-,-,-,15011.85
NIFTY MIDCAP150 QUALITY 50,24 May 2021,-,-,-,14971.26
NIFTY MIDCAP150 QUALITY 50,21 May 2021,-,-,-,14838.24
NIFTY MIDCAP150 QUALITY 50,20 May 2021,-,-,-,14769.09
NIFTY MIDCAP150 QUALITY 50,19 May 2021,-,-,-,14755.83
NIFTY MIDCAP150 QUALITY 50,18 May 2021,-,-,-,14710.89
NIFTY MIDCAP150 QUALITY 50,17 May 2021,-,-,-,14511.96
NIFTY MIDCAP150 QUALITY 50,14 May 2021,-,-,-,14341.71
NIFTY MIDCAP150 QUALITY 50,12 May 2021,-,-,-,14468.22
NIFTY MIDCAP150 QUALITY 50,11 May 2021,-,-,-,14484.78
NIFTY MIDCAP150 QUALITY 50,10 May 2021,-,-,-,14380.1
NIFTY MIDCAP150 QUALITY 50,07 May 2021,-,-,-,14401.02
NIFTY MIDCAP150 QUALITY 50,06 May 2021,-,-,-,14485.97
NIFTY MIDCAP150 QUALITY 50,05 May 2021,-,-,-,14346.27
NIFTY MIDCAP150 QUALITY 50,04 May 2021,-,-,-,14228.44
NIFTY MIDCAP150 QUALITY 50,03 May 2021,-,-,-,14268.88
NIFTY MIDCAP150 QUALITY 50,30 Apr 2021,-,-,-,14233.29
NIFTY MIDCAP150 QUALITY 50,29 Apr 2021,-,-,-,14284.67
NIFTY MIDCAP150 QUALITY 50,28 Apr 2021,-,-,-,14300.08
NIFTY MIDCAP150 QUALITY 50,27 Apr 2021,-,-,-,14244.65
NIFTY MIDCAP150 QUALITY 50,26 Apr 2021,-,-,-,14080.17
NIFTY MIDCAP150 QUALITY 50,23 Apr 2021,-,-,-,13956.1
NIFTY MIDCAP150 QUALITY 50,22 Apr 2021,-,-,-,13912.74
NIFTY MIDCAP150 QUALITY 50,20 Apr 2021,-,-,-,13901.6
NIFTY MIDCAP150 QUALITY 50,19 Apr 2021,-,-,-,13919.69
NIFTY MIDCAP150 QUALITY 50,16 Apr 2021,-,-,-,14116.77
NIFTY MIDCAP150 QUALITY 50,15 Apr 2021,-,-,-,13929.12
NIFTY MIDCAP150 QUALITY 50,13 Apr 2021,-,-,-,13913.49
NIFTY MIDCAP150 QUALITY 50,12 Apr 2021,-,-,-,13841.11
NIFTY MIDCAP150 QUALITY 50,09 Apr 2021,-,-,-,14366.55
NIFTY MIDCAP150 QUALITY 50,08 Apr 2021,-,-,-,14325.61
NIFTY MIDCAP150 QUALITY 50,07 Apr 2021,-,-,-,14267.14
NIFTY MIDCAP150 QUALITY 50,06 Apr 2021,-,-,-,14056.61
NIFTY MIDCAP150 QUALITY 50,05 Apr 2021,-,-,-,14071.94
NIFTY MIDCAP150 QUALITY 50,01 Apr 2021,-,-,-,14236.16
NIFTY MIDCAP150 QUALITY 50,31 Mar 2021,-,-,-,14195.36
NIFTY MIDCAP150 QUALITY 50,30 Mar 2021,-,-,-,14147.08
NIFTY MIDCAP150 QUALITY 50,26 Mar 2021,-,-,-,13841.0
NIFTY MIDCAP150 QUALITY 50,25 Mar 2021,-,-,-,13696.26
NIFTY MIDCAP150 QUALITY 50,24 Mar 2021,-,-,-,13879.4
NIFTY MIDCAP150 QUALITY 50,23 Mar 2021,-,-,-,14023.17
NIFTY MIDCAP150 QUALITY 50,22 Mar 2021,-,-,-,13969.38
NIFTY MIDCAP150 QUALITY 50,19 Mar 2021,-,-,-,13851.24
NIFTY MIDCAP150 QUALITY 50,18 Mar 2021,-,-,-,13842.94
NIFTY MIDCAP150 QUALITY 50,17 Mar 2021,-,-,-,14078.85
NIFTY MIDCAP150 QUALITY 50,16 Mar 2021,-,-,-,14272.28
NIFTY MIDCAP150 QUALITY 50,15 Mar 2021,-,-,-,14204.76
NIFTY MIDCAP150 QUALITY 50,12 Mar 2021,-,-,-,14278.94
NIFTY MIDCAP150 QUALITY 50,10 Mar 2021,-,-,-,14290.04
NIFTY MIDCAP150 QUALITY 50,09 Mar 2021,-,-,-,14191.32
NIFTY MIDCAP150 QUALITY 50,08 Mar 2021,-,-,-,14218.94
NIFTY MIDCAP150 QUALITY 50,05 Mar 2021,-,-,-,14186.51
NIFTY MIDCAP150 QUALITY 50,04 Mar 2021,-,-,-,14391.02
NIFTY MIDCAP150 QUALITY 50,03 Mar 2021,-,-,-,14317.71
NIFTY MIDCAP150 QUALITY 50,02 Mar 2021,-,-,-,14235.25
NIFTY MIDCAP150 QUALITY 50,01 Mar 2021,-,-,-,13959.16
NIFTY MIDCAP150 QUALITY 50,26 Feb 2021,-,-,-,13789.27
NIFTY MIDCAP150 QUALITY 50,25 Feb 2021,-,-,-,13899.81
NIFTY MIDCAP150 QUALITY 50,24 Feb 2021,-,-,-,13765.04
NIFTY MIDCAP150 QUALITY 50,23 Feb 2021,-,-,-,13721.67
NIFTY MIDCAP150 QUALITY 50,22 Feb 2021,-,-,-,13616.5
NIFTY MIDCAP150 QUALITY 50,19 Feb 2021,-,-,-,13765.39
NIFTY MIDCAP150 QUALITY 50,18 Feb 2021,-,-,-,13895.6
NIFTY MIDCAP150 QUALITY 50,17 Feb 2021,-,-,-,13819.29
NIFTY MIDCAP150 QUALITY 50,16 Feb 2021,-,-,-,13868.95
NIFTY MIDCAP150 QUALITY 50,15 Feb 2021,-,-,-,13906.97
NIFTY MIDCAP150 QUALITY 50,12 Feb 2021,-,-,-,13869.89
NIFTY MIDCAP150 QUALITY 50,11 Feb 2021,-,-,-,13906.42
NIFTY MIDCAP150 QUALITY 50,10 Feb 2021,-,-,-,13884.41
NIFTY MIDCAP150 QUALITY 50,09 Feb 2021,-,-,-,13763.41
NIFTY MIDCAP150 QUALITY 50,08 Feb 2021,-,-,-,13846.03
NIFTY MIDCAP150 QUALITY 50,05 Feb 2021,-,-,-,13646.73
NIFTY MIDCAP150 QUALITY 50,04 Feb 2021,-,-,-,13763.83
NIFTY MIDCAP150 QUALITY 50,03 Feb 2021,-,-,-,13571.64
NIFTY MIDCAP150 QUALITY 50,02 Feb 2021,-,-,-,13366.7
NIFTY MIDCAP150 QUALITY 50,01 Feb 2021,-,-,-,13130.64
NIFTY MIDCAP150 QUALITY 50,29 Jan 2021,-,-,-,12920.95
NIFTY MIDCAP150 QUALITY 50,28 Jan 2021,-,-,-,13009.88
NIFTY MIDCAP150 QUALITY 50,27 Jan 2021,-,-,-,13051.17
NIFTY MIDCAP150 QUALITY 50,25 Jan 2021,-,-,-,13255.68
NIFTY MIDCAP150 QUALITY 50,22 Jan 2021,-,-,-,13358.67
NIFTY MIDCAP150 QUALITY 50,21 Jan 2021,-,-,-,13463.79
NIFTY MIDCAP150 QUALITY 50,20 Jan 2021,-,-,-,13501.94
NIFTY MIDCAP150 QUALITY 50,19 Jan 2021,-,-,-,13423.01
NIFTY MIDCAP150 QUALITY 50,18 Jan 2021,-,-,-,13256.3
NIFTY MIDCAP150 QUALITY 50,15 Jan 2021,-,-,-,13432.56
NIFTY MIDCAP150 QUALITY 50,14 Jan 2021,-,-,-,13621.64
NIFTY MIDCAP150 QUALITY 50,13 Jan 2021,-,-,-,13563.42
NIFTY MIDCAP150 QUALITY 50,12 Jan 2021,-,-,-,13629.7
NIFTY MIDCAP150 QUALITY 50,11 Jan 2021,-,-,-,13651.58
NIFTY MIDCAP150 QUALITY 50,08 Jan 2021,-,-,-,13662.2
NIFTY MIDCAP150 QUALITY 50,07 Jan 2021,-,-,-,13500.97
NIFTY MIDCAP150 QUALITY 50,06 Jan 2021,-,-,-,13426.57
NIFTY MIDCAP150 QUALITY 50,05 Jan 2021,-,-,-,13382.61
NIFTY MIDCAP150 QUALITY 50,04 Jan 2021,-,-,-,13308.09
NIFTY MIDCAP150 QUALITY 50,01 Jan 2021,-,-,-,13122.28
NIFTY MIDCAP150 QUALITY 50,31 Dec 2020,-,-,-,13039.35
NIFTY MIDCAP150 QUALITY 50,30 Dec 2020,-,-,-,12988.1
NIFTY MIDCAP150 QUALITY 50,29 Dec 2020,-,-,-,12937.71
NIFTY MIDCAP150 QUALITY 50,28 Dec 2020,-,-,-,12963.59
NIFTY MIDCAP150 QUALITY 50,24 Dec 2020,-,-,-,12829.45
NIFTY MIDCAP150 QUALITY 50,23 Dec 2020,-,-,-,12773.57
NIFTY MIDCAP150 QUALITY 50,22 Dec 2020,-,-,-,12494.63
NIFTY MIDCAP150 QUALITY 50,21 Dec 2020,-,-,-,12404.17
NIFTY MIDCAP150 QUALITY 50,18 Dec 2020,-,-,-,12833.28
NIFTY MIDCAP150 QUALITY 50,17 Dec 2020,-,-,-,12798.29
NIFTY MIDCAP150 QUALITY 50,16 Dec 2020,-,-,-,12775.07
NIFTY MIDCAP150 QUALITY 50,15 Dec 2020,-,-,-,12640.74
NIFTY MIDCAP150 QUALITY 50,14 Dec 2020,-,-,-,12632.53
NIFTY MIDCAP150 QUALITY 50,11 Dec 2020,-,-,-,12531.42
NIFTY MIDCAP150 QUALITY 50,10 Dec 2020,-,-,-,12536.41
NIFTY MIDCAP150 QUALITY 50,09 Dec 2020,-,-,-,12595.35
NIFTY MIDCAP150 QUALITY 50,08 Dec 2020,-,-,-,12567.45
NIFTY MIDCAP150 QUALITY 50,07 Dec 2020,-,-,-,12574.38
NIFTY MIDCAP150 QUALITY 50,04 Dec 2020,-,-,-,12493.3
NIFTY MIDCAP150 QUALITY 50,03 Dec 2020,-,-,-,12432.94
NIFTY MIDCAP150 QUALITY 50,02 Dec 2020,-,-,-,12431.4
NIFTY MIDCAP150 QUALITY 50,01 Dec 2020,-,-,-,12390.29
NIFTY MIDCAP150 QUALITY 50,27 Nov 2020,-,-,-,12359.92
NIFTY MIDCAP150 QUALITY 50,26 Nov 2020,-,-,-,12126.46
NIFTY MIDCAP150 QUALITY 50,25 Nov 2020,-,-,-,12031.03
NIFTY MIDCAP150 QUALITY 50,24 Nov 2020,-,-,-,12234.31
NIFTY MIDCAP150 QUALITY 50,23 Nov 2020,-,-,-,12122.32
NIFTY MIDCAP150 QUALITY 50,20 Nov 2020,-,-,-,12047.62
NIFTY MIDCAP150 QUALITY 50,19 Nov 2020,-,-,-,11922.67
NIFTY MIDCAP150 QUALITY 50,18 Nov 2020,-,-,-,11928.1
NIFTY MIDCAP150 QUALITY 50,17 Nov 2020,-,-,-,11808.99
NIFTY MIDCAP150 QUALITY 50,14 Nov 2020,-,-,-,11650.18
NIFTY MIDCAP150 QUALITY 50,13 Nov 2020,-,-,-,11583.76
NIFTY MIDCAP150 QUALITY 50,12 Nov 2020,-,-,-,11492.28
NIFTY MIDCAP150 QUALITY 50,11 Nov 2020,-,-,-,11394.89
NIFTY MIDCAP150 QUALITY 50,10 Nov 2020,-,-,-,11381.95
NIFTY MIDCAP150 QUALITY 50,09 Nov 2020,-,-,-,11479.23
NIFTY MIDCAP150 QUALITY 50,06 Nov 2020,-,-,-,11354.32
NIFTY MIDCAP150 QUALITY 50,05 Nov 2020,-,-,-,11305.1
NIFTY MIDCAP150 QUALITY 50,04 Nov 2020,-,-,-,11117.99
NIFTY MIDCAP150 QUALITY 50,03 Nov 2020,-,-,-,11043.49
NIFTY MIDCAP150 QUALITY 50,02 Nov 2020,-,-,-,10986.66
NIFTY MIDCAP150 QUALITY 50,30 Oct 2020,-,-,-,11007.83
NIFTY MIDCAP150 QUALITY 50,29 Oct 2020,-,-,-,10977.96
NIFTY MIDCAP150 QUALITY 50,28 Oct 2020,-,-,-,11006.0
NIFTY MIDCAP150 QUALITY 50,27 Oct 2020,-,-,-,11055.6
NIFTY MIDCAP150 QUALITY 50,26 Oct 2020,-,-,-,10972.32
NIFTY MIDCAP150 QUALITY 50,23 Oct 2020,-,-,-,11122.95
NIFTY MIDCAP150 QUALITY 50,22 Oct 2020,-,-,-,11104.02
NIFTY MIDCAP150 QUALITY 50,21 Oct 2020,-,-,-,11037.6
NIFTY MIDCAP150 QUALITY 50,20 Oct 2020,-,-,-,11049.17
NIFTY MIDCAP150 QUALITY 50,19 Oct 2020,-,-,-,11016.44
NIFTY MIDCAP150 QUALITY 50,16 Oct 2020,-,-,-,10978.17
NIFTY MIDCAP150 QUALITY 50,15 Oct 2020,-,-,-,10888.47
NIFTY MIDCAP150 QUALITY 50,14 Oct 2020,-,-,-,11050.79
NIFTY MIDCAP150 QUALITY 50,13 Oct 2020,-,-,-,11076.23
NIFTY MIDCAP150 QUALITY 50,12 Oct 2020,-,-,-,11120.25
NIFTY MIDCAP150 QUALITY 50,09 Oct 2020,-,-,-,11156.87
NIFTY MIDCAP150 QUALITY 50,08 Oct 2020,-,-,-,11169.64
NIFTY MIDCAP150 QUALITY 50,07 Oct 2020,-,-,-,11187.09
NIFTY MIDCAP150 QUALITY 50,06 Oct 2020,-,-,-,11246.79
NIFTY MIDCAP150 QUALITY 50,05 Oct 2020,-,-,-,11226.63
NIFTY MIDCAP150 QUALITY 50,01 Oct 2020,-,-,-,11248.51
NIFTY MIDCAP150 QUALITY 50,30 Sep 2020,-,-,-,11237.61
NIFTY MIDCAP150 QUALITY 50,29 Sep 2020,-,-,-,11209.59
NIFTY MIDCAP150 QUALITY 50,28 Sep 2020,-,-,-,11179.58
NIFTY MIDCAP150 QUALITY 50,25 Sep 2020,-,-,-,10923.64
NIFTY MIDCAP150 QUALITY 50,24 Sep 2020,-,-,-,10732.19
NIFTY MIDCAP150 QUALITY 50,23 Sep 2020,-,-,-,10971.07
NIFTY MIDCAP150 QUALITY 50,22 Sep 2020,-,-,-,10971.4
NIFTY MIDCAP150 QUALITY 50,21 Sep 2020,-,-,-,11101.31
NIFTY MIDCAP150 QUALITY 50,18 Sep 2020,-,-,-,11428.75
NIFTY MIDCAP150 QUALITY 50,17 Sep 2020,-,-,-,11431.0
NIFTY MIDCAP150 QUALITY 50,16 Sep 2020,-,-,-,11456.89
NIFTY MIDCAP150 QUALITY 50,15 Sep 2020,-,-,-,11460.52
NIFTY MIDCAP150 QUALITY 50,14 Sep 2020,-,-,-,11325.56
NIFTY MIDCAP150 QUALITY 50,11 Sep 2020,-,-,-,10987.44
NIFTY MIDCAP150 QUALITY 50,10 Sep 2020,-,-,-,10929.32
NIFTY MIDCAP150 QUALITY 50,09 Sep 2020,-,-,-,10822.8
NIFTY MIDCAP150 QUALITY 50,08 Sep 2020,-,-,-,10929.56
NIFTY MIDCAP150 QUALITY 50,07 Sep 2020,-,-,-,10992.0
NIFTY MIDCAP150 QUALITY 50,04 Sep 2020,-,-,-,11029.77
NIFTY MIDCAP150 QUALITY 50,03 Sep 2020,-,-,-,11173.25
NIFTY MIDCAP150 QUALITY 50,02 Sep 2020,-,-,-,11108.88
NIFTY MIDCAP150 QUALITY 50,01 Sep 2020,-,-,-,10935.79
NIFTY MIDCAP150 QUALITY 50,31 Aug 2020,-,-,-,10882.46
NIFTY MIDCAP150 QUALITY 50,28 Aug 2020,-,-,-,11326.89
NIFTY MIDCAP150 QUALITY 50,27 Aug 2020,-,-,-,11331.3
NIFTY MIDCAP150 QUALITY 50,26 Aug 2020,-,-,-,11299.48
NIFTY MIDCAP150 QUALITY 50,25 Aug 2020,-,-,-,11230.97
NIFTY MIDCAP150 QUALITY 50,24 Aug 2020,-,-,-,11255.83
NIFTY MIDCAP150 QUALITY 50,21 Aug 2020,-,-,-,11139.49
NIFTY MIDCAP150 QUALITY 50,20 Aug 2020,-,-,-,10986.11
NIFTY MIDCAP150 QUALITY 50,19 Aug 2020,-,-,-,10897.94
NIFTY MIDCAP150 QUALITY 50,18 Aug 2020,-,-,-,10829.76
NIFTY MIDCAP150 QUALITY 50,17 Aug 2020,-,-,-,10703.44
NIFTY MIDCAP150 QUALITY 50,14 Aug 2020,-,-,-,10643.76
NIFTY MIDCAP150 QUALITY 50,13 Aug 2020,-,-,-,10705.16
NIFTY MIDCAP150 QUALITY 50,12 Aug 2020,-,-,-,10634.39
NIFTY MIDCAP150 QUALITY 50,11 Aug 2020,-,-,-,10672.85
NIFTY MIDCAP150 QUALITY 50,10 Aug 2020,-,-,-,10648.86
NIFTY MIDCAP150 QUALITY 50,07 Aug 2020,-,-,-,10505.82
NIFTY MIDCAP150 QUALITY 50,06 Aug 2020,-,-,-,10431.12
NIFTY MIDCAP150 QUALITY 50,05 Aug 2020,-,-,-,10330.88
NIFTY MIDCAP150 QUALITY 50,04 Aug 2020,-,-,-,10255.89
NIFTY MIDCAP150 QUALITY 50,03 Aug 2020,-,-,-,10207.92
NIFTY MIDCAP150 QUALITY 50,31 Jul 2020,-,-,-,10183.58
NIFTY MIDCAP150 QUALITY 50,30 Jul 2020,-,-,-,10167.7
NIFTY MIDCAP150 QUALITY 50,29 Jul 2020,-,-,-,10202.59
NIFTY MIDCAP150 QUALITY 50,28 Jul 2020,-,-,-,10175.32
NIFTY MIDCAP150 QUALITY 50,27 Jul 2020,-,-,-,10159.14
NIFTY MIDCAP150 QUALITY 50,24 Jul 2020,-,-,-,10226.19
NIFTY MIDCAP150 QUALITY 50,23 Jul 2020,-,-,-,10237.97
NIFTY MIDCAP150 QUALITY 50,22 Jul 2020,-,-,-,10158.05
NIFTY MIDCAP150 QUALITY 50,21 Jul 2020,-,-,-,10185.05
NIFTY MIDCAP150 QUALITY 50,20 Jul 2020,-,-,-,10185.56
NIFTY MIDCAP150 QUALITY 50,17 Jul 2020,-,-,-,10135.73
NIFTY MIDCAP150 QUALITY 50,16 Jul 2020,-,-,-,10052.9
NIFTY MIDCAP150 QUALITY 50,15 Jul 2020,-,-,-,9998.78
NIFTY MIDCAP150 QUALITY 50,14 Jul 2020,-,-,-,9987.92
NIFTY MIDCAP150 QUALITY 50,13 Jul 2020,-,-,-,10054.78
NIFTY MIDCAP150 QUALITY 50,10 Jul 2020,-,-,-,10062.43
NIFTY MIDCAP150 QUALITY 50,09 Jul 2020,-,-,-,10094.62
NIFTY MIDCAP150 QUALITY 50,08 Jul 2020,-,-,-,10074.27
NIFTY MIDCAP150 QUALITY 50,07 Jul 2020,-,-,-,10129.26
NIFTY MIDCAP150 QUALITY 50,06 Jul 2020,-,-,-,10092.84
NIFTY MIDCAP150 QUALITY 50,03 Jul 2020,-,-,-,9957.27
NIFTY MIDCAP150 QUALITY 50,02 Jul 2020,-,-,-,9893.2
NIFTY MIDCAP150 QUALITY 50,01 Jul 2020,-,-,-,9797.91
NIFTY MIDCAP150 QUALITY 50,30 Jun 2020,-,-,-,9775.13
NIFTY MIDCAP150 QUALITY 50,29 Jun 2020,-,-,-,9781.68
NIFTY MIDCAP150 QUALITY 50,26 Jun 2020,-,-,-,9922.79
NIFTY MIDCAP150 QUALITY 50,25 Jun 2020,-,-,-,9870.99
NIFTY MIDCAP150 QUALITY 50,24 Jun 2020,-,-,-,9772.9
NIFTY MIDCAP150 QUALITY 50,23 Jun 2020,-,-,-,9849.57
NIFTY MIDCAP150 QUALITY 50,22 Jun 2020,-,-,-,9744.82
NIFTY MIDCAP150 QUALITY 50,19 Jun 2020,-,-,-,9653.85
NIFTY MIDCAP150 QUALITY 50,18 Jun 2020,-,-,-,9608.13
NIFTY MIDCAP150 QUALITY 50,17 Jun 2020,-,-,-,9473.81
NIFTY MIDCAP150 QUALITY 50,16 Jun 2020,-,-,-,9444.77
NIFTY MIDCAP150 QUALITY 50,15 Jun 2020,-,-,-,9391.52
NIFTY MIDCAP150 QUALITY 50,12 Jun 2020,-,-,-,9505.94
NIFTY MIDCAP150 QUALITY 50,11 Jun 2020,-,-,-,9486.54
NIFTY MIDCAP150 QUALITY 50,10 Jun 2020,-,-,-,9621.13
NIFTY MIDCAP150 QUALITY 50,09 Jun 2020,-,-,-,9520.58
NIFTY MIDCAP150 QUALITY 50,08 Jun 2020,-,-,-,9610.6
NIFTY MIDCAP150 QUALITY 50,05 Jun 2020,-,-,-,9625.48
NIFTY MIDCAP150 QUALITY 50,04 Jun 2020,-,-,-,9504.22
NIFTY MIDCAP150 QUALITY 50,03 Jun 2020,-,-,-,9528.07
NIFTY MIDCAP150 QUALITY 50,02 Jun 2020,-,-,-,9498.22
NIFTY MIDCAP150 QUALITY 50,01 Jun 2020,-,-,-,9410.06
NIFTY MIDCAP150 QUALITY 50,29 May 2020,-,-,-,9190.49
NIFTY MIDCAP150 QUALITY 50,28 May 2020,-,-,-,9098.42
NIFTY MIDCAP150 QUALITY 50,27 May 2020,-,-,-,8986.37
NIFTY MIDCAP150 QUALITY 50,26 May 2020,-,-,-,8992.68
NIFTY MIDCAP150 QUALITY 50,22 May 2020,-,-,-,8904.41
NIFTY MIDCAP150 QUALITY 50,21 May 2020,-,-,-,8904.28
NIFTY MIDCAP150 QUALITY 50,20 May 2020,-,-,-,8820.18
NIFTY MIDCAP150 QUALITY 50,19 May 2020,-,-,-,8723.3
NIFTY MIDCAP150 QUALITY 50,18 May 2020,-,-,-,8713.11
NIFTY MIDCAP150 QUALITY 50,15 May 2020,-,-,-,9038.57
NIFTY MIDCAP150 QUALITY 50,14 May 2020,-,-,-,9059.21
NIFTY MIDCAP150 QUALITY 50,13 May 2020,-,-,-,9106.75
NIFTY MIDCAP150 QUALITY 50,12 May 2020,-,-,-,8983.95
NIFTY MIDCAP150 QUALITY 50,11 May 2020,-,-,-,9023.05
NIFTY MIDCAP150 QUALITY 50,08 May 2020,-,-,-,8983.04
NIFTY MIDCAP150 QUALITY 50,07 May 2020,-,-,-,8999.2
NIFTY MIDCAP150 QUALITY 50,06 May 2020,-,-,-,9023.67
NIFTY MIDCAP150 QUALITY 50,05 May 2020,-,-,-,8967.98
NIFTY MIDCAP150 QUALITY 50,04 May 2020,-,-,-,9022.76
NIFTY MIDCAP150 QUALITY 50,30 Apr 2020,-,-,-,9346.76
NIFTY MIDCAP150 QUALITY 50,29 Apr 2020,-,-,-,9242.05
NIFTY MIDCAP150 QUALITY 50,28 Apr 2020,-,-,-,9079.19
NIFTY MIDCAP150 QUALITY 50,27 Apr 2020,-,-,-,9026.39
NIFTY MIDCAP150 QUALITY 50,24 Apr 2020,-,-,-,8865.96
NIFTY MIDCAP150 QUALITY 50,23 Apr 2020,-,-,-,8978.59
NIFTY MIDCAP150 QUALITY 50,22 Apr 2020,-,-,-,8844.98
NIFTY MIDCAP150 QUALITY 50,21 Apr 2020,-,-,-,8747.74
NIFTY MIDCAP150 QUALITY 50,20 Apr 2020,-,-,-,8981.48
NIFTY MIDCAP150 QUALITY 50,17 Apr 2020,-,-,-,8930.36
NIFTY MIDCAP150 QUALITY 50,16 Apr 2020,-,-,-,8792.72
NIFTY MIDCAP150 QUALITY 50,15 Apr 2020,-,-,-,8651.71
NIFTY MIDCAP150 QUALITY 50,13 Apr 2020,-,-,-,8568.14
NIFTY MIDCAP150 QUALITY 50,09 Apr 2020,-,-,-,8628.07
NIFTY MIDCAP150 QUALITY 50,08 Apr 2020,-,-,-,8338.73
NIFTY MIDCAP150 QUALITY 50,07 Apr 2020,-,-,-,8215.61
NIFTY MIDCAP150 QUALITY 50,03 Apr 2020,-,-,-,7827.32
NIFTY MIDCAP150 QUALITY 50,01 Apr 2020,-,-,-,7934.58
NIFTY MIDCAP150 QUALITY 50,31 Mar 2020,-,-,-,8052.19
NIFTY MIDCAP150 QUALITY 50,30 Mar 2020,-,-,-,7829.56
NIFTY MIDCAP150 QUALITY 50,27 Mar 2020,-,-,-,7908.99
NIFTY MIDCAP150 QUALITY 50,26 Mar 2020,-,-,-,7921.81
NIFTY MIDCAP150 QUALITY 50,25 Mar 2020,-,-,-,7633.89
NIFTY MIDCAP150 QUALITY 50,24 Mar 2020,-,-,-,7313.48
NIFTY MIDCAP150 QUALITY 50,23 Mar 2020,-,-,-,7181.49
NIFTY MIDCAP150 QUALITY 50,20 Mar 2020,-,-,-,8278.68
NIFTY MIDCAP150 QUALITY 50,19 Mar 2020,-,-,-,7900.75
NIFTY MIDCAP150 QUALITY 50,18 Mar 2020,-,-,-,8257.8
NIFTY MIDCAP150 QUALITY 50,17 Mar 2020,-,-,-,8662.8
NIFTY MIDCAP150 QUALITY 50,16 Mar 2020,-,-,-,8821.38
NIFTY MIDCAP150 QUALITY 50,13 Mar 2020,-,-,-,9338.76
NIFTY MIDCAP150 QUALITY 50,12 Mar 2020,-,-,-,9128.3
NIFTY MIDCAP150 QUALITY 50,11 Mar 2020,-,-,-,9808.29
NIFTY MIDCAP150 QUALITY 50,09 Mar 2020,-,-,-,9857.61
NIFTY MIDCAP150 QUALITY 50,06 Mar 2020,-,-,-,10198.2
NIFTY MIDCAP150 QUALITY 50,05 Mar 2020,-,-,-,10298.82
NIFTY MIDCAP150 QUALITY 50,04 Mar 2020,-,-,-,10299.92
NIFTY MIDCAP150 QUALITY 50,03 Mar 2020,-,-,-,10447.36
NIFTY MIDCAP150 QUALITY 50,02 Mar 2020,-,-,-,10294.29
NIFTY MIDCAP150 QUALITY 50,28 Feb 2020,-,-,-,10332.69
NIFTY MIDCAP150 QUALITY 50,27 Feb 2020,-,-,-,10584.71
NIFTY MIDCAP150 QUALITY 50,26 Feb 2020,-,-,-,10674.32
NIFTY MIDCAP150 QUALITY 50,25 Feb 2020,-,-,-,10803.33
NIFTY MIDCAP150 QUALITY 50,24 Feb 2020,-,-,-,10852.71
NIFTY MIDCAP150 QUALITY 50,20 Feb 2020,-,-,-,11025.32
NIFTY MIDCAP150 QUALITY 50,19 Feb 2020,-,-,-,10999.98
NIFTY MIDCAP150 QUALITY 50,18 Feb 2020,-,-,-,10879.87
NIFTY MIDCAP150 QUALITY 50,17 Feb 2020,-,-,-,10920.97
NIFTY MIDCAP150 QUALITY 50,14 Feb 2020,-,-,-,10945.02
NIFTY MIDCAP150 QUALITY 50,13 Feb 2020,-,-,-,10995.59
NIFTY MIDCAP150 QUALITY 50,12 Feb 2020,-,-,-,11013.82
NIFTY MIDCAP150 QUALITY 50,11 Feb 2020,-,-,-,11011.62
NIFTY MIDCAP150 QUALITY 50,10 Feb 2020,-,-,-,11034.9
NIFTY MIDCAP150 QUALITY 50,07 Feb 2020,-,-,-,11129.09
NIFTY MIDCAP150 QUALITY 50,06 Feb 2020,-,-,-,11062.29
NIFTY MIDCAP150 QUALITY 50,05 Feb 2020,-,-,-,11017.91
NIFTY MIDCAP150 QUALITY 50,04 Feb 2020,-,-,-,10973.78
NIFTY MIDCAP150 QUALITY 50,03 Feb 2020,-,-,-,10832.45
NIFTY MIDCAP150 QUALITY 50,01 Feb 2020,-,-,-,10722.36
NIFTY MIDCAP150 QUALITY 50,31 Jan 2020,-,-,-,10895.58
NIFTY MIDCAP150 QUALITY 50,30 Jan 2020,-,-,-,10930.95
NIFTY MIDCAP150 QUALITY 50,29 Jan 2020,-,-,-,10996.69
NIFTY MIDCAP150 QUALITY 50,28 Jan 2020,-,-,-,10986.14
NIFTY MIDCAP150 QUALITY 50,27 Jan 2020,-,-,-,10964.86
NIFTY MIDCAP150 QUALITY 50,24 Jan 2020,-,-,-,10937.26
NIFTY MIDCAP150 QUALITY 50,23 Jan 2020,-,-,-,10864.5
NIFTY MIDCAP150 QUALITY 50,22 Jan 2020,-,-,-,10743.5
NIFTY MIDCAP150 QUALITY 50,21 Jan 2020,-,-,-,10777.49
NIFTY MIDCAP150 QUALITY 50,20 Jan 2020,-,-,-,10828.98
NIFTY MIDCAP150 QUALITY 50,17 Jan 2020,-,-,-,10868.05
NIFTY MIDCAP150 QUALITY 50,16 Jan 2020,-,-,-,10767.8
NIFTY MIDCAP150 QUALITY 50,15 Jan 2020,-,-,-,10663.54
NIFTY MIDCAP150 QUALITY 50,14 Jan 2020,-,-,-,10545.12
NIFTY MIDCAP150 QUALITY 50,13 Jan 2020,-,-,-,10460.08
NIFTY MIDCAP150 QUALITY 50,10 Jan 2020,-,-,-,10430.65
NIFTY MIDCAP150 QUALITY 50,09 Jan 2020,-,-,-,10392.12
NIFTY MIDCAP150 QUALITY 50,08 Jan 2020,-,-,-,10275.27
NIFTY MIDCAP150 QUALITY 50,07 Jan 2020,-,-,-,10279.59
NIFTY MIDCAP150 QUALITY 50,06 Jan 2020,-,-,-,10230.49
NIFTY MIDCAP150 QUALITY 50,03 Jan 2020,-,-,-,10416.17
NIFTY MIDCAP150 QUALITY 50,02 Jan 2020,-,-,-,10449.64
NIFTY MIDCAP150 QUALITY 50,01 Jan 2020,-,-,-,10406.08
NIFTY MIDCAP150 QUALITY 50,31 Dec 2019,-,-,-,10400.2
NIFTY MIDCAP150 QUALITY 50,30 Dec 2019,-,-,-,10360.06
NIFTY MIDCAP150 QUALITY 50,27 Dec 2019,-,-,-,10309.86
NIFTY MIDCAP150 QUALITY 50,26 Dec 2019,-,-,-,10250.7
NIFTY MIDCAP150 QUALITY 50,24 Dec 2019,-,-,-,10229.56
NIFTY MIDCAP150 QUALITY 50,23 Dec 2019,-,-,-,10251.25
NIFTY MIDCAP150 QUALITY 50,20 Dec 2019,-,-,-,10224.12
NIFTY MIDCAP150 QUALITY 50,19 Dec 2019,-,-,-,10241.07
NIFTY MIDCAP150 QUALITY 50,18 Dec 2019,-,-,-,10240.46
NIFTY MIDCAP150 QUALITY 50,17 Dec 2019,-,-,-,10278.95
NIFTY MIDCAP150 QUALITY 50,16 Dec 2019,-,-,-,10248.85
NIFTY MIDCAP150 QUALITY 50,13 Dec 2019,-,-,-,10312.16
NIFTY MIDCAP150 QUALITY 50,12 Dec 2019,-,-,-,10242.96
NIFTY MIDCAP150 QUALITY 50,11 Dec 2019,-,-,-,10176.84
NIFTY MIDCAP150 QUALITY 50,10 Dec 2019,-,-,-,10152.95
NIFTY MIDCAP150 QUALITY 50,09 Dec 2019,-,-,-,10258.96
NIFTY MIDCAP150 QUALITY 50,06 Dec 2019,-,-,-,10238.46
NIFTY MIDCAP150 QUALITY 50,05 Dec 2019,-,-,-,10335.43
NIFTY MIDCAP150 QUALITY 50,04 Dec 2019,-,-,-,10317.2
NIFTY MIDCAP150 QUALITY 50,03 Dec 2019,-,-,-,10248.76
NIFTY MIDCAP150 QUALITY 50,02 Dec 2019,-,-,-,10295.28
NIFTY MIDCAP150 QUALITY 50,29 Nov 2019,-,-,-,10364.4
NIFTY MIDCAP150 QUALITY 50,28 Nov 2019,-,-,-,10344.59
NIFTY MIDCAP150 QUALITY 50,27 Nov 2019,-,-,-,10283.05
NIFTY MIDCAP150 QUALITY 50,26 Nov 2019,-,-,-,10224.95
NIFTY MIDCAP150 QUALITY 50,25 Nov 2019,-,-,-,10289.79
NIFTY MIDCAP150 QUALITY 50,22 Nov 2019,-,-,-,10218.01
NIFTY MIDCAP150 QUALITY 50,21 Nov 2019,-,-,-,10267.88
NIFTY MIDCAP150 QUALITY 50,20 Nov 2019,-,-,-,10348.66
NIFTY MIDCAP150 QUALITY 50,19 Nov 2019,-,-,-,10353.41
NIFTY MIDCAP150 QUALITY 50,18 Nov 2019,-,-,-,10327.64
NIFTY MIDCAP150 QUALITY 50,15 Nov 2019,-,-,-,10301.18
NIFTY MIDCAP150 QUALITY 50,14 Nov 2019,-,-,-,10253.05
NIFTY MIDCAP150 QUALITY 50,13 Nov 2019,-,-,-,10197.29
NIFTY MIDCAP150 QUALITY 50,11 Nov 2019,-,-,-,10330.88
NIFTY MIDCAP150 QUALITY 50,08 Nov 2019,-,-,-,10271.26
NIFTY MIDCAP150 QUALITY 50,07 Nov 2019,-,-,-,10337.75
NIFTY MIDCAP150 QUALITY 50,06 Nov 2019,-,-,-,10303.54
NIFTY MIDCAP150 QUALITY 50,05 Nov 2019,-,-,-,10358.76
NIFTY MIDCAP150 QUALITY 50,04 Nov 2019,-,-,-,10447.23
NIFTY MIDCAP150 QUALITY 50,01 Nov 2019,-,-,-,10518.33
NIFTY MIDCAP150 QUALITY 50,31 Oct 2019,-,-,-,10499.65
NIFTY MIDCAP150 QUALITY 50,30 Oct 2019,-,-,-,10373.37
NIFTY MIDCAP150 QUALITY 50,29 Oct 2019,-,-,-,10347.42
NIFTY MIDCAP150 QUALITY 50,27 Oct 2019,-,-,-,10234.72
NIFTY MIDCAP150 QUALITY 50,25 Oct 2019,-,-,-,10148.59
NIFTY MIDCAP150 QUALITY 50,24 Oct 2019,-,-,-,10164.7
NIFTY MIDCAP150 QUALITY 50,23 Oct 2019,-,-,-,10139.17
NIFTY MIDCAP150 QUALITY 50,22 Oct 2019,-,-,-,10153.42
NIFTY MIDCAP150 QUALITY 50,18 Oct 2019,-,-,-,10134.33
NIFTY MIDCAP150 QUALITY 50,17 Oct 2019,-,-,-,9992.33
NIFTY MIDCAP150 QUALITY 50,16 Oct 2019,-,-,-,9812.01
NIFTY MIDCAP150 QUALITY 50,15 Oct 2019,-,-,-,9821.66
NIFTY MIDCAP150 QUALITY 50,14 Oct 2019,-,-,-,9805.76
NIFTY MIDCAP150 QUALITY 50,11 Oct 2019,-,-,-,9774.26
NIFTY MIDCAP150 QUALITY 50,10 Oct 2019,-,-,-,9743.92
NIFTY MIDCAP150 QUALITY 50,09 Oct 2019,-,-,-,9818.15
NIFTY MIDCAP150 QUALITY 50,07 Oct 2019,-,-,-,9727.56
NIFTY MIDCAP150 QUALITY 50,04 Oct 2019,-,-,-,9722.13
NIFTY MIDCAP150 QUALITY 50,03 Oct 2019,-,-,-,9797.96
NIFTY MIDCAP150 QUALITY 50,01 Oct 2019,-,-,-,9818.89
NIFTY MIDCAP150 QUALITY 50,30 Sep 2019,-,-,-,9946.07
NIFTY MIDCAP150 QUALITY 50,27 Sep 2019,-,-,-,9998.38
NIFTY MIDCAP150 QUALITY 50,26 Sep 2019,-,-,-,10027.95
NIFTY MIDCAP150 QUALITY 50,25 Sep 2019,-,-,-,9957.0
NIFTY MIDCAP150 QUALITY 50,24 Sep 2019,-,-,-,10066.75
NIFTY MIDCAP150 QUALITY 50,23 Sep 2019,-,-,-,10073.6
NIFTY MIDCAP150 QUALITY 50,20 Sep 2019,-,-,-,9782.53
NIFTY MIDCAP150 QUALITY 50,19 Sep 2019,-,-,-,9293.41
NIFTY MIDCAP150 QUALITY 50,18 Sep 2019,-,-,-,9423.58
NIFTY MIDCAP150 QUALITY 50,17 Sep 2019,-,-,-,9381.78
NIFTY MIDCAP150 QUALITY 50,16 Sep 2019,-,-,-,9495.77
NIFTY MIDCAP150 QUALITY 50,13 Sep 2019,-,-,-,9469.63
NIFTY MIDCAP150 QUALITY 50,12 Sep 2019,-,-,-,9414.25
NIFTY MIDCAP150 QUALITY 50,11 Sep 2019,-,-,-,9404.5
NIFTY MIDCAP150 QUALITY 50,09 Sep 2019,-,-,-,9359.17
NIFTY MIDCAP150 QUALITY 50,06 Sep 2019,-,-,-,9266.88
NIFTY MIDCAP150 QUALITY 50,05 Sep 2019,-,-,-,9245.45
NIFTY MIDCAP150 QUALITY 50,04 Sep 2019,-,-,-,9203.34
NIFTY MIDCAP150 QUALITY 50,03 Sep 2019,-,-,-,9180.86
NIFTY MIDCAP150 QUALITY 50,30 Aug 2019,-,-,-,9265.17
NIFTY MIDCAP150 QUALITY 50,29 Aug 2019,-,-,-,9195.83
NIFTY MIDCAP150 QUALITY 50,28 Aug 2019,-,-,-,9222.43
NIFTY MIDCAP150 QUALITY 50,27 Aug 2019,-,-,-,9291.95
NIFTY MIDCAP150 QUALITY 50,26 Aug 2019,-,-,-,9188.23
NIFTY MIDCAP150 QUALITY 50,23 Aug 2019,-,-,-,9110.19
NIFTY MIDCAP150 QUALITY 50,22 Aug 2019,-,-,-,8988.86
NIFTY MIDCAP150 QUALITY 50,21 Aug 2019,-,-,-,9094.09
NIFTY MIDCAP150 QUALITY 50,20 Aug 2019,-,-,-,9199.8
NIFTY MIDCAP150 QUALITY 50,19 Aug 2019,-,-,-,9244.53
NIFTY MIDCAP150 QUALITY 50,16 Aug 2019,-,-,-,9236.04
NIFTY MIDCAP150 QUALITY 50,14 Aug 2019,-,-,-,9219.6
NIFTY MIDCAP150 QUALITY 50,13 Aug 2019,-,-,-,9141.3
NIFTY MIDCAP150 QUALITY 50,09 Aug 2019,-,-,-,9286.95
NIFTY MIDCAP150 QUALITY 50,08 Aug 2019,-,-,-,9236.06
NIFTY MIDCAP150 QUALITY 50,07 Aug 2019,-,-,-,9185.26
NIFTY MIDCAP150 QUALITY 50,06 Aug 2019,-,-,-,9157.68
NIFTY MIDCAP150 QUALITY 50,05 Aug 2019,-,-,-,9027.5
NIFTY MIDCAP150 QUALITY 50,02 Aug 2019,-,-,-,9144.73
NIFTY MIDCAP150 QUALITY 50,01 Aug 2019,-,-,-,9159.66
NIFTY MIDCAP150 QUALITY 50,31 Jul 2019,-,-,-,9211.3
NIFTY MIDCAP150 QUALITY 50,30 Jul 2019,-,-,-,9162.66
NIFTY MIDCAP150 QUALITY 50,29 Jul 2019,-,-,-,9264.19
NIFTY MIDCAP150 QUALITY 50,26 Jul 2019,-,-,-,9281.21
NIFTY MIDCAP150 QUALITY 50,25 Jul 2019,-,-,-,9238.38
NIFTY MIDCAP150 QUALITY 50,24 Jul 2019,-,-,-,9147.92
NIFTY MIDCAP150 QUALITY 50,23 Jul 2019,-,-,-,9286.02
NIFTY MIDCAP150 QUALITY 50,22 Jul 2019,-,-,-,9282.6
NIFTY MIDCAP150 QUALITY 50,19 Jul 2019,-,-,-,9302.5
NIFTY MIDCAP150 QUALITY 50,18 Jul 2019,-,-,-,9439.23
NIFTY MIDCAP150 QUALITY 50,17 Jul 2019,-,-,-,9553.56
NIFTY MIDCAP150 QUALITY 50,16 Jul 2019,-,-,-,9556.67
NIFTY MIDCAP150 QUALITY 50,15 Jul 2019,-,-,-,9456.78
NIFTY MIDCAP150 QUALITY 50,12 Jul 2019,-,-,-,9514.6
NIFTY MIDCAP150 QUALITY 50,11 Jul 2019,-,-,-,9471.29
NIFTY MIDCAP150 QUALITY 50,10 Jul 2019,-,-,-,9434.08
NIFTY MIDCAP150 QUALITY 50,09 Jul 2019,-,-,-,9522.79
NIFTY MIDCAP150 QUALITY 50,08 Jul 2019,-,-,-,9520.74
NIFTY MIDCAP150 QUALITY 50,05 Jul 2019,-,-,-,9739.76
NIFTY MIDCAP150 QUALITY 50,04 Jul 2019,-,-,-,9891.44
NIFTY MIDCAP150 QUALITY 50,03 Jul 2019,-,-,-,9895.38
NIFTY MIDCAP150 QUALITY 50,02 Jul 2019,-,-,-,9915.59
NIFTY MIDCAP150 QUALITY 50,01 Jul 2019,-,-,-,9885.39
NIFTY MIDCAP150 QUALITY 50,28 Jun 2019,-,-,-,9877.35
NIFTY MIDCAP150 QUALITY 50,27 Jun 2019,-,-,-,9885.62
NIFTY MIDCAP150 QUALITY 50,26 Jun 2019,-,-,-,9855.37
NIFTY MIDCAP150 QUALITY 50,25 Jun 2019,-,-,-,9838.67
NIFTY MIDCAP150 QUALITY 50,24 Jun 2019,-,-,-,9779.96
NIFTY MIDCAP150 QUALITY 50,21 Jun 2019,-,-,-,9826.83
NIFTY MIDCAP150 QUALITY 50,20 Jun 2019,-,-,-,9800.97
NIFTY MIDCAP150 QUALITY 50,19 Jun 2019,-,-,-,9672.09
NIFTY MIDCAP150 QUALITY 50,18 Jun 2019,-,-,-,9762.52
NIFTY MIDCAP150 QUALITY 50,17 Jun 2019,-,-,-,9758.44
NIFTY MIDCAP150 QUALITY 50,14 Jun 2019,-,-,-,9856.67
NIFTY MIDCAP150 QUALITY 50,13 Jun 2019,-,-,-,9970.7
NIFTY MIDCAP150 QUALITY 50,12 Jun 2019,-,-,-,10007.76
NIFTY MIDCAP150 QUALITY 50,11 Jun 2019,-,-,-,10073.35
NIFTY MIDCAP150 QUALITY 50,10 Jun 2019,-,-,-,10042.48
NIFTY MIDCAP150 QUALITY 50,07 Jun 2019,-,-,-,9998.74
NIFTY MIDCAP150 QUALITY 50,06 Jun 2019,-,-,-,10041.65
NIFTY MIDCAP150 QUALITY 50,04 Jun 2019,-,-,-,10137.63
NIFTY MIDCAP150 QUALITY 50,03 Jun 2019,-,-,-,10162.95
NIFTY MIDCAP150 QUALITY 50,31 May 2019,-,-,-,10076.73
NIFTY MIDCAP150 QUALITY 50,30 May 2019,-,-,-,10027.47
NIFTY MIDCAP150 QUALITY 50,29 May 2019,-,-,-,9978.78
NIFTY MIDCAP150 QUALITY 50,28 May 2019,-,-,-,10039.12
NIFTY MIDCAP150 QUALITY 50,27 May 2019,-,-,-,9995.68
NIFTY MIDCAP150 QUALITY 50,24 May 2019,-,-,-,9923.35
NIFTY MIDCAP150 QUALITY 50,23 May 2019,-,-,-,9772.27
NIFTY MIDCAP150 QUALITY 50,22 May 2019,-,-,-,9780.16
NIFTY MIDCAP150 QUALITY 50,21 May 2019,-,-,-,9764.37
NIFTY MIDCAP150 QUALITY 50,20 May 2019,-,-,-,9822.28
NIFTY MIDCAP150 QUALITY 50,17 May 2019,-,-,-,9593.69
NIFTY MIDCAP150 QUALITY 50,16 May 2019,-,-,-,9522.46
NIFTY MIDCAP150 QUALITY 50,15 May 2019,-,-,-,9484.49
NIFTY MIDCAP150 QUALITY 50,14 May 2019,-,-,-,9550.21
NIFTY MIDCAP150 QUALITY 50,13 May 2019,-,-,-,9568.73
NIFTY MIDCAP150 QUALITY 50,10 May 2019,-,-,-,9728.8
NIFTY MIDCAP150 QUALITY 50,09 May 2019,-,-,-,9723.87
NIFTY MIDCAP150 QUALITY 50,08 May 2019,-,-,-,9769.63
NIFTY MIDCAP150 QUALITY 50,07 May 2019,-,-,-,9895.8
NIFTY MIDCAP150 QUALITY 50,06 May 2019,-,-,-,9983.09
NIFTY MIDCAP150 QUALITY 50,03 May 2019,-,-,-,10050.17
NIFTY MIDCAP150 QUALITY 50,02 May 2019,-,-,-,10090.43
NIFTY MIDCAP150 QUALITY 50,30 Apr 2019,-,-,-,10141.7
NIFTY MIDCAP150 QUALITY 50,26 Apr 2019,-,-,-,10158.67
NIFTY MIDCAP150 QUALITY 50,25 Apr 2019,-,-,-,10201.2
NIFTY MIDCAP150 QUALITY 50,24 Apr 2019,-,-,-,10237.68
NIFTY MIDCAP150 QUALITY 50,23 Apr 2019,-,-,-,10215.74
NIFTY MIDCAP150 QUALITY 50,22 Apr 2019,-,-,-,10186.56
NIFTY MIDCAP150 QUALITY 50,18 Apr 2019,-,-,-,10329.16
NIFTY MIDCAP150 QUALITY 50,16 Apr 2019,-,-,-,10410.77
NIFTY MIDCAP150 QUALITY 50,15 Apr 2019,-,-,-,10411.4
NIFTY MIDCAP150 QUALITY 50,12 Apr 2019,-,-,-,10316.5
NIFTY MIDCAP150 QUALITY 50,11 Apr 2019,-,-,-,10285.97
NIFTY MIDCAP150 QUALITY 50,10 Apr 2019,-,-,-,10245.96
NIFTY MIDCAP150 QUALITY 50,09 Apr 2019,-,-,-,10251.77
NIFTY MIDCAP150 QUALITY 50,08 Apr 2019,-,-,-,10279.09
NIFTY MIDCAP150 QUALITY 50,05 Apr 2019,-,-,-,10304.7
NIFTY MIDCAP150 QUALITY 50,04 Apr 2019,-,-,-,10251.28
NIFTY MIDCAP150 QUALITY 50,03 Apr 2019,-,-,-,10253.86
NIFTY MIDCAP150 QUALITY 50,02 Apr 2019,-,-,-,10319.83
NIFTY MIDCAP150 QUALITY 50,01 Apr 2019,-,-,-,10366.09
NIFTY MIDCAP150 QUALITY 50,29 Mar 2019,-,-,-,10324.98
NIFTY MIDCAP150 QUALITY 50,28 Mar 2019,-,-,-,10234.47
NIFTY MIDCAP150 QUALITY 50,27 Mar 2019,-,-,-,10181.49
NIFTY MIDCAP150 QUALITY 50,26 Mar 2019,-,-,-,10138.0
NIFTY MIDCAP150 QUALITY 50,25 Mar 2019,-,-,-,10060.12
NIFTY MIDCAP150 QUALITY 50,22 Mar 2019,-,-,-,10107.77
NIFTY MIDCAP150 QUALITY 50,20 Mar 2019,-,-,-,10114.47
NIFTY MIDCAP150 QUALITY 50,19 Mar 2019,-,-,-,10145.45
NIFTY MIDCAP150 QUALITY 50,18 Mar 2019,-,-,-,10117.64
NIFTY MIDCAP150 QUALITY 50,15 Mar 2019,-,-,-,10188.75
NIFTY MIDCAP150 QUALITY 50,14 Mar 2019,-,-,-,10184.86
NIFTY MIDCAP150 QUALITY 50,13 Mar 2019,-,-,-,10183.22
NIFTY MIDCAP150 QUALITY 50,12 Mar 2019,-,-,-,10259.62
NIFTY MIDCAP150 QUALITY 50,11 Mar 2019,-,-,-,10205.85
NIFTY MIDCAP150 QUALITY 50,08 Mar 2019,-,-,-,9995.55
NIFTY MIDCAP150 QUALITY 50,07 Mar 2019,-,-,-,9974.5
NIFTY MIDCAP150 QUALITY 50,06 Mar 2019,-,-,-,10015.66
NIFTY MIDCAP150 QUALITY 50,05 Mar 2019,-,-,-,9964.1
NIFTY MIDCAP150 QUALITY 50,01 Mar 2019,-,-,-,9803.38
NIFTY MIDCAP150 QUALITY 50,28 Feb 2019,-,-,-,9717.58
NIFTY MIDCAP150 QUALITY 50,27 Feb 2019,-,-,-,9649.64
NIFTY MIDCAP150 QUALITY 50,26 Feb 2019,-,-,-,9589.73
NIFTY MIDCAP150 QUALITY 50,25 Feb 2019,-,-,-,9577.01
NIFTY MIDCAP150 QUALITY 50,22 Feb 2019,-,-,-,9536.97
NIFTY MIDCAP150 QUALITY 50,21 Feb 2019,-,-,-,9494.29
NIFTY MIDCAP150 QUALITY 50,20 Feb 2019,-,-,-,9406.85
NIFTY MIDCAP150 QUALITY 50,19 Feb 2019,-,-,-,9371.04
NIFTY MIDCAP150 QUALITY 50,18 Feb 2019,-,-,-,9353.2
NIFTY MIDCAP150 QUALITY 50,15 Feb 2019,-,-,-,9431.92
NIFTY MIDCAP150 QUALITY 50,14 Feb 2019,-,-,-,9550.92
NIFTY MIDCAP150 QUALITY 50,13 Feb 2019,-,-,-,9534.97
NIFTY MIDCAP150 QUALITY 50,12 Feb 2019,-,-,-,9571.3
NIFTY MIDCAP150 QUALITY 50,11 Feb 2019,-,-,-,9572.88
NIFTY MIDCAP150 QUALITY 50,08 Feb 2019,-,-,-,9700.83
NIFTY MIDCAP150 QUALITY 50,07 Feb 2019,-,-,-,9793.1
NIFTY MIDCAP150 QUALITY 50,06 Feb 2019,-,-,-,9678.61
NIFTY MIDCAP150 QUALITY 50,05 Feb 2019,-,-,-,9680.89
NIFTY MIDCAP150 QUALITY 50,04 Feb 2019,-,-,-,9755.27
NIFTY MIDCAP150 QUALITY 50,01 Feb 2019,-,-,-,9816.85
NIFTY MIDCAP150 QUALITY 50,31 Jan 2019,-,-,-,9734.14
NIFTY MIDCAP150 QUALITY 50,30 Jan 2019,-,-,-,9694.09
NIFTY MIDCAP150 QUALITY 50,29 Jan 2019,-,-,-,9596.88
NIFTY MIDCAP150 QUALITY 50,28 Jan 2019,-,-,-,9612.04
NIFTY MIDCAP150 QUALITY 50,25 Jan 2019,-,-,-,9733.13
NIFTY MIDCAP150 QUALITY 50,24 Jan 2019,-,-,-,9853.04
NIFTY MIDCAP150 QUALITY 50,23 Jan 2019,-,-,-,9896.47
NIFTY MIDCAP150 QUALITY 50,22 Jan 2019,-,-,-,9903.5
NIFTY MIDCAP150 QUALITY 50,21 Jan 2019,-,-,-,9885.5
NIFTY MIDCAP150 QUALITY 50,18 Jan 2019,-,-,-,9955.57
NIFTY MIDCAP150 QUALITY 50,17 Jan 2019,-,-,-,9990.53
NIFTY MIDCAP150 QUALITY 50,16 Jan 2019,-,-,-,9966.06
NIFTY MIDCAP150 QUALITY 50,15 Jan 2019,-,-,-,9993.19
NIFTY MIDCAP150 QUALITY 50,14 Jan 2019,-,-,-,9924.6
NIFTY MIDCAP150 QUALITY 50,11 Jan 2019,-,-,-,9919.45
NIFTY MIDCAP150 QUALITY 50,10 Jan 2019,-,-,-,9893.57
NIFTY MIDCAP150 QUALITY 50,09 Jan 2019,-,-,-,9849.75
NIFTY MIDCAP150 QUALITY 50,08 Jan 2019,-,-,-,9888.54
NIFTY MIDCAP150 QUALITY 50,07 Jan 2019,-,-,-,9922.41
NIFTY MIDCAP150 QUALITY 50,04 Jan 2019,-,-,-,9925.44
NIFTY MIDCAP150 QUALITY 50,03 Jan 2019,-,-,-,9943.64
NIFTY MIDCAP150 QUALITY 50,02 Jan 2019,-,-,-,10030.49
NIFTY MIDCAP150 QUALITY 50,01 Jan 2019,-,-,-,10129.36
NIFTY MIDCAP150 QUALITY 50,31 Dec 2018,-,-,-,10113.51
NIFTY MIDCAP150 QUALITY 50,28 Dec 2018,-,-,-,10061.15
NIFTY MIDCAP150 QUALITY 50,27 Dec 2018,-,-,-,9968.2
NIFTY MIDCAP150 QUALITY 50,26 Dec 2018,-,-,-,9923.14
NIFTY MIDCAP150 QUALITY 50,24 Dec 2018,-,-,-,9937.62
NIFTY MIDCAP150 QUALITY 50,21 Dec 2018,-,-,-,10020.6
NIFTY MIDCAP150 QUALITY 50,20 Dec 2018,-,-,-,10134.53
NIFTY MIDCAP150 QUALITY 50,19 Dec 2018,-,-,-,10133.26
NIFTY MIDCAP150 QUALITY 50,18 Dec 2018,-,-,-,9960.37
NIFTY MIDCAP150 QUALITY 50,17 Dec 2018,-,-,-,9934.33
NIFTY MIDCAP150 QUALITY 50,14 Dec 2018,-,-,-,9900.49
NIFTY MIDCAP150 QUALITY 50,13 Dec 2018,-,-,-,9902.87
NIFTY MIDCAP150 QUALITY 50,12 Dec 2018,-,-,-,9858.64
NIFTY MIDCAP150 QUALITY 50,11 Dec 2018,-,-,-,9652.8
NIFTY MIDCAP150 QUALITY 50,10 Dec 2018,-,-,-,9503.08
NIFTY MIDCAP150 QUALITY 50,07 Dec 2018,-,-,-,9696.84
NIFTY MIDCAP150 QUALITY 50,06 Dec 2018,-,-,-,9698.17
NIFTY MIDCAP150 QUALITY 50,05 Dec 2018,-,-,-,9824.49
NIFTY MIDCAP150 QUALITY 50,04 Dec 2018,-,-,-,9908.29
NIFTY MIDCAP150 QUALITY 50,03 Dec 2018,-,-,-,9891.22
NIFTY MIDCAP150 QUALITY 50,30 Nov 2018,-,-,-,9861.35
NIFTY MIDCAP150 QUALITY 50,29 Nov 2018,-,-,-,9759.91
NIFTY MIDCAP150 QUALITY 50,28 Nov 2018,-,-,-,9742.0
NIFTY MIDCAP150 QUALITY 50,27 Nov 2018,-,-,-,9724.87
NIFTY MIDCAP150 QUALITY 50,26 Nov 2018,-,-,-,9700.48
NIFTY MIDCAP150 QUALITY 50,22 Nov 2018,-,-,-,9647.9
NIFTY MIDCAP150 QUALITY 50,21 Nov 2018,-,-,-,9743.07
NIFTY MIDCAP150 QUALITY 50,20 Nov 2018,-,-,-,9716.2
NIFTY MIDCAP150 QUALITY 50,19 Nov 2018,-,-,-,9770.51
NIFTY MIDCAP150 QUALITY 50,16 Nov 2018,-,-,-,9752.87
NIFTY MIDCAP150 QUALITY 50,15 Nov 2018,-,-,-,9756.85
NIFTY MIDCAP150 QUALITY 50,14 Nov 2018,-,-,-,9793.87
NIFTY MIDCAP150 QUALITY 50,13 Nov 2018,-,-,-,9811.71
NIFTY MIDCAP150 QUALITY 50,12 Nov 2018,-,-,-,9815.79
NIFTY MIDCAP150 QUALITY 50,09 Nov 2018,-,-,-,9937.95
NIFTY MIDCAP150 QUALITY 50,07 Nov 2018,-,-,-,9817.23
NIFTY MIDCAP150 QUALITY 50,06 Nov 2018,-,-,-,9738.03
NIFTY MIDCAP150 QUALITY 50,05 Nov 2018,-,-,-,9772.78
NIFTY MIDCAP150 QUALITY 50,02 Nov 2018,-,-,-,9806.99
NIFTY MIDCAP150 QUALITY 50,01 Nov 2018,-,-,-,9740.18
NIFTY MIDCAP150 QUALITY 50,31 Oct 2018,-,-,-,9719.12
NIFTY MIDCAP150 QUALITY 50,30 Oct 2018,-,-,-,9564.78
NIFTY MIDCAP150 QUALITY 50,29 Oct 2018,-,-,-,9512.5
NIFTY MIDCAP150 QUALITY 50,26 Oct 2018,-,-,-,9350.55
NIFTY MIDCAP150 QUALITY 50,25 Oct 2018,-,-,-,9358.9
NIFTY MIDCAP150 QUALITY 50,24 Oct 2018,-,-,-,9371.75
NIFTY MIDCAP150 QUALITY 50,23 Oct 2018,-,-,-,9246.91
NIFTY MIDCAP150 QUALITY 50,22 Oct 2018,-,-,-,9392.35
NIFTY MIDCAP150 QUALITY 50,19 Oct 2018,-,-,-,9496.77
NIFTY MIDCAP150 QUALITY 50,17 Oct 2018,-,-,-,9617.68
NIFTY MIDCAP150 QUALITY 50,16 Oct 2018,-,-,-,9750.53
NIFTY MIDCAP150 QUALITY 50,15 Oct 2018,-,-,-,9676.51
NIFTY MIDCAP150 QUALITY 50,12 Oct 2018,-,-,-,9583.77
NIFTY MIDCAP150 QUALITY 50,11 Oct 2018,-,-,-,9389.37
NIFTY MIDCAP150 QUALITY 50,10 Oct 2018,-,-,-,9555.34
NIFTY MIDCAP150 QUALITY 50,09 Oct 2018,-,-,-,9247.75
NIFTY MIDCAP150 QUALITY 50,08 Oct 2018,-,-,-,9287.23
NIFTY MIDCAP150 QUALITY 50,05 Oct 2018,-,-,-,9400.26
NIFTY MIDCAP150 QUALITY 50,04 Oct 2018,-,-,-,9575.18
NIFTY MIDCAP150 QUALITY 50,03 Oct 2018,-,-,-,9799.31
NIFTY MIDCAP150 QUALITY 50,01 Oct 2018,-,-,-,9918.81
NIFTY MIDCAP150 QUALITY 50,28 Sep 2018,-,-,-,9949.94
NIFTY MIDCAP150 QUALITY 50,27 Sep 2018,-,-,-,10092.49
NIFTY MIDCAP150 QUALITY 50,26 Sep 2018,-,-,-,10266.69
NIFTY MIDCAP150 QUALITY 50,25 Sep 2018,-,-,-,10231.47
NIFTY MIDCAP150 QUALITY 50,24 Sep 2018,-,-,-,10246.34
NIFTY MIDCAP150 QUALITY 50,21 Sep 2018,-,-,-,10456.07
NIFTY MIDCAP150 QUALITY 50,19 Sep 2018,-,-,-,10497.1
NIFTY MIDCAP150 QUALITY 50,18 Sep 2018,-,-,-,10592.86
NIFTY MIDCAP150 QUALITY 50,17 Sep 2018,-,-,-,10699.39
NIFTY MIDCAP150 QUALITY 50,14 Sep 2018,-,-,-,10732.29
NIFTY MIDCAP150 QUALITY 50,12 Sep 2018,-,-,-,10614.12
NIFTY MIDCAP150 QUALITY 50,11 Sep 2018,-,-,-,10555.2
NIFTY MIDCAP150 QUALITY 50,10 Sep 2018,-,-,-,10647.9
NIFTY MIDCAP150 QUALITY 50,07 Sep 2018,-,-,-,10789.66
NIFTY MIDCAP150 QUALITY 50,06 Sep 2018,-,-,-,10732.38
NIFTY MIDCAP150 QUALITY 50,05 Sep 2018,-,-,-,10709.29
NIFTY MIDCAP150 QUALITY 50,04 Sep 2018,-,-,-,10782.41
NIFTY MIDCAP150 QUALITY 50,03 Sep 2018,-,-,-,10973.97
NIFTY MIDCAP150 QUALITY 50,31 Aug 2018,-,-,-,11015.68
NIFTY MIDCAP150 QUALITY 50,30 Aug 2018,-,-,-,10987.83
NIFTY MIDCAP150 QUALITY 50,29 Aug 2018,-,-,-,10992.29
NIFTY MIDCAP150 QUALITY 50,28 Aug 2018,-,-,-,10969.86
NIFTY MIDCAP150 QUALITY 50,27 Aug 2018,-,-,-,10970.2
NIFTY MIDCAP150 QUALITY 50,24 Aug 2018,-,-,-,10867.1
NIFTY MIDCAP150 QUALITY 50,23 Aug 2018,-,-,-,10914.29
NIFTY MIDCAP150 QUALITY 50,21 Aug 2018,-,-,-,10902.9
NIFTY MIDCAP150 QUALITY 50,20 Aug 2018,-,-,-,10879.98
NIFTY MIDCAP150 QUALITY 50,17 Aug 2018,-,-,-,10813.1
NIFTY MIDCAP150 QUALITY 50,16 Aug 2018,-,-,-,10778.78
NIFTY MIDCAP150 QUALITY 50,14 Aug 2018,-,-,-,10784.54
NIFTY MIDCAP150 QUALITY 50,13 Aug 2018,-,-,-,10716.72
NIFTY MIDCAP150 QUALITY 50,10 Aug 2018,-,-,-,10795.63
NIFTY MIDCAP150 QUALITY 50,09 Aug 2018,-,-,-,10819.06
NIFTY MIDCAP150 QUALITY 50,08 Aug 2018,-,-,-,10800.11
NIFTY MIDCAP150 QUALITY 50,07 Aug 2018,-,-,-,10776.68
NIFTY MIDCAP150 QUALITY 50,06 Aug 2018,-,-,-,10766.76
NIFTY MIDCAP150 QUALITY 50,03 Aug 2018,-,-,-,10766.04
NIFTY MIDCAP150 QUALITY 50,02 Aug 2018,-,-,-,10668.94
NIFTY MIDCAP150 QUALITY 50,01 Aug 2018,-,-,-,10675.22
NIFTY MIDCAP150 QUALITY 50,31 Jul 2018,-,-,-,10649.51
NIFTY MIDCAP150 QUALITY 50,30 Jul 2018,-,-,-,10570.47
NIFTY MIDCAP150 QUALITY 50,27 Jul 2018,-,-,-,10570.64
NIFTY MIDCAP150 QUALITY 50,26 Jul 2018,-,-,-,10446.44
NIFTY MIDCAP150 QUALITY 50,25 Jul 2018,-,-,-,10461.88
NIFTY MIDCAP150 QUALITY 50,24 Jul 2018,-,-,-,10505.47
NIFTY MIDCAP150 QUALITY 50,23 Jul 2018,-,-,-,10390.25
NIFTY MIDCAP150 QUALITY 50,20 Jul 2018,-,-,-,10264.09
NIFTY MIDCAP150 QUALITY 50,19 Jul 2018,-,-,-,10121.26
NIFTY MIDCAP150 QUALITY 50,18 Jul 2018,-,-,-,10209.56
NIFTY MIDCAP150 QUALITY 50,17 Jul 2018,-,-,-,10258.69
NIFTY MIDCAP150 QUALITY 50,16 Jul 2018,-,-,-,10137.57
NIFTY MIDCAP150 QUALITY 50,13 Jul 2018,-,-,-,10306.46
NIFTY MIDCAP150 QUALITY 50,12 Jul 2018,-,-,-,10402.8
NIFTY MIDCAP150 QUALITY 50,11 Jul 2018,-,-,-,10420.95
NIFTY MIDCAP150 QUALITY 50,10 Jul 2018,-,-,-,10465.58
NIFTY MIDCAP150 QUALITY 50,09 Jul 2018,-,-,-,10397.39
NIFTY MIDCAP150 QUALITY 50,06 Jul 2018,-,-,-,10227.81
NIFTY MIDCAP150 QUALITY 50,05 Jul 2018,-,-,-,10193.56
NIFTY MIDCAP150 QUALITY 50,04 Jul 2018,-,-,-,10221.06
NIFTY MIDCAP150 QUALITY 50,03 Jul 2018,-,-,-,10187.78
NIFTY MIDCAP150 QUALITY 50,02 Jul 2018,-,-,-,10150.6
NIFTY MIDCAP150 QUALITY 50,29 Jun 2018,-,-,-,10148.98
NIFTY MIDCAP150 QUALITY 50,28 Jun 2018,-,-,-,10001.47
NIFTY MIDCAP150 QUALITY 50,27 Jun 2018,-,-,-,10141.03
NIFTY MIDCAP150 QUALITY 50,26 Jun 2018,-,-,-,10215.27
NIFTY MIDCAP150 QUALITY 50,25 Jun 2018,-,-,-,10222.67
NIFTY MIDCAP150 QUALITY 50,22 Jun 2018,-,-,-,10255.1
NIFTY MIDCAP150 QUALITY 50,21 Jun 2018,-,-,-,10209.66
NIFTY MIDCAP150 QUALITY 50,20 Jun 2018,-,-,-,10202.49
NIFTY MIDCAP150 QUALITY 50,19 Jun 2018,-,-,-,10170.62
NIFTY MIDCAP150 QUALITY 50,18 Jun 2018,-,-,-,10279.67
NIFTY MIDCAP150 QUALITY 50,15 Jun 2018,-,-,-,10325.28
NIFTY MIDCAP150 QUALITY 50,14 Jun 2018,-,-,-,10362.71
NIFTY MIDCAP150 QUALITY 50,13 Jun 2018,-,-,-,10321.87
NIFTY MIDCAP150 QUALITY 50,12 Jun 2018,-,-,-,10375.94
NIFTY MIDCAP150 QUALITY 50,11 Jun 2018,-,-,-,10315.43
NIFTY MIDCAP150 QUALITY 50,08 Jun 2018,-,-,-,10341.86
NIFTY MIDCAP150 QUALITY 50,07 Jun 2018,-,-,-,10278.84
NIFTY MIDCAP150 QUALITY 50,06 Jun 2018,-,-,-,10194.37
NIFTY MIDCAP150 QUALITY 50,05 Jun 2018,-,-,-,10075.76
NIFTY MIDCAP150 QUALITY 50,04 Jun 2018,-,-,-,10207.42
NIFTY MIDCAP150 QUALITY 50,01 Jun 2018,-,-,-,10260.24
NIFTY MIDCAP150 QUALITY 50,31 May 2018,-,-,-,10350.83
NIFTY MIDCAP150 QUALITY 50,30 May 2018,-,-,-,10373.03
NIFTY MIDCAP150 QUALITY 50,29 May 2018,-,-,-,10351.9
NIFTY MIDCAP150 QUALITY 50,28 May 2018,-,-,-,10377.16
NIFTY MIDCAP150 QUALITY 50,25 May 2018,-,-,-,10312.03
NIFTY MIDCAP150 QUALITY 50,24 May 2018,-,-,-,10169.86
NIFTY MIDCAP150 QUALITY 50,23 May 2018,-,-,-,10168.72
NIFTY MIDCAP150 QUALITY 50,22 May 2018,-,-,-,10192.81
NIFTY MIDCAP150 QUALITY 50,21 May 2018,-,-,-,10202.86
NIFTY MIDCAP150 QUALITY 50,18 May 2018,-,-,-,10366.39
NIFTY MIDCAP150 QUALITY 50,17 May 2018,-,-,-,10452.32
NIFTY MIDCAP150 QUALITY 50,16 May 2018,-,-,-,10426.12
NIFTY MIDCAP150 QUALITY 50,15 May 2018,-,-,-,10449.35
NIFTY MIDCAP150 QUALITY 50,14 May 2018,-,-,-,10487.39
NIFTY MIDCAP150 QUALITY 50,11 May 2018,-,-,-,10590.17
NIFTY MIDCAP150 QUALITY 50,10 May 2018,-,-,-,10550.6
NIFTY MIDCAP150 QUALITY 50,09 May 2018,-,-,-,10645.58
NIFTY MIDCAP150 QUALITY 50,08 May 2018,-,-,-,10726.55
NIFTY MIDCAP150 QUALITY 50,07 May 2018,-,-,-,10693.26
NIFTY MIDCAP150 QUALITY 50,04 May 2018,-,-,-,10615.97
NIFTY MIDCAP150 QUALITY 50,03 May 2018,-,-,-,10693.22
NIFTY MIDCAP150 QUALITY 50,02 May 2018,-,-,-,10839.18
NIFTY MIDCAP150 QUALITY 50,30 Apr 2018,-,-,-,10926.01
NIFTY MIDCAP150 QUALITY 50,27 Apr 2018,-,-,-,10857.74
NIFTY MIDCAP150 QUALITY 50,26 Apr 2018,-,-,-,10791.92
NIFTY MIDCAP150 QUALITY 50,25 Apr 2018,-,-,-,10769.33
NIFTY MIDCAP150 QUALITY 50,24 Apr 2018,-,-,-,10808.48
NIFTY MIDCAP150 QUALITY 50,23 Apr 2018,-,-,-,10824.14
NIFTY MIDCAP150 QUALITY 50,20 Apr 2018,-,-,-,10790.87
NIFTY MIDCAP150 QUALITY 50,19 Apr 2018,-,-,-,10778.92
NIFTY MIDCAP150 QUALITY 50,18 Apr 2018,-,-,-,10726.65
NIFTY MIDCAP150 QUALITY 50,17 Apr 2018,-,-,-,10766.4
NIFTY MIDCAP150 QUALITY 50,16 Apr 2018,-,-,-,10745.88
NIFTY MIDCAP150 QUALITY 50,13 Apr 2018,-,-,-,10700.92
NIFTY MIDCAP150 QUALITY 50,12 Apr 2018,-,-,-,10666.79
NIFTY MIDCAP150 QUALITY 50,11 Apr 2018,-,-,-,10666.17
NIFTY MIDCAP150 QUALITY 50,10 Apr 2018,-,-,-,10651.27
NIFTY MIDCAP150 QUALITY 50,09 Apr 2018,-,-,-,10666.15
NIFTY MIDCAP150 QUALITY 50,06 Apr 2018,-,-,-,10659.99
NIFTY MIDCAP150 QUALITY 50,05 Apr 2018,-,-,-,10633.04
NIFTY MIDCAP150 QUALITY 50,04 Apr 2018,-,-,-,10510.78
NIFTY MIDCAP150 QUALITY 50,03 Apr 2018,-,-,-,10591.33
NIFTY MIDCAP150 QUALITY 50,02 Apr 2018,-,-,-,10584.01
NIFTY MIDCAP150 QUALITY 50,28 Mar 2018,-,-,-,10444.54
NIFTY MIDCAP150 QUALITY 50,27 Mar 2018,-,-,-,10403.6
NIFTY MIDCAP150 QUALITY 50,26 Mar 2018,-,-,-,10323.03
NIFTY MIDCAP150 QUALITY 50,23 Mar 2018,-,-,-,10255.11
NIFTY MIDCAP150 QUALITY 50,22 Mar 2018,-,-,-,10337.56
NIFTY MIDCAP150 QUALITY 50,21 Mar 2018,-,-,-,10404.26
NIFTY MIDCAP150 QUALITY 50,20 Mar 2018,-,-,-,10334.21
NIFTY MIDCAP150 QUALITY 50,19 Mar 2018,-,-,-,10294.44
NIFTY MIDCAP150 QUALITY 50,16 Mar 2018,-,-,-,10421.69
NIFTY MIDCAP150 QUALITY 50,15 Mar 2018,-,-,-,10537.74
NIFTY MIDCAP150 QUALITY 50,14 Mar 2018,-,-,-,10502.04
NIFTY MIDCAP150 QUALITY 50,13 Mar 2018,-,-,-,10482.22
NIFTY MIDCAP150 QUALITY 50,12 Mar 2018,-,-,-,10434.1
NIFTY MIDCAP150 QUALITY 50,09 Mar 2018,-,-,-,10362.28
NIFTY MIDCAP150 QUALITY 50,08 Mar 2018,-,-,-,10320.69
NIFTY MIDCAP150 QUALITY 50,07 Mar 2018,-,-,-,10262.69
NIFTY MIDCAP150 QUALITY 50,06 Mar 2018,-,-,-,10355.01
NIFTY MIDCAP150 QUALITY 50,05 Mar 2018,-,-,-,10421.93
NIFTY MIDCAP150 QUALITY 50,01 Mar 2018,-,-,-,10457.78
NIFTY MIDCAP150 QUALITY 50,28 Feb 2018,-,-,-,10469.85
NIFTY MIDCAP150 QUALITY 50,27 Feb 2018,-,-,-,10448.32
NIFTY MIDCAP150 QUALITY 50,26 Feb 2018,-,-,-,10440.86
NIFTY MIDCAP150 QUALITY 50,23 Feb 2018,-,-,-,10399.86
NIFTY MIDCAP150 QUALITY 50,22 Feb 2018,-,-,-,10240.32
NIFTY MIDCAP150 QUALITY 50,21 Feb 2018,-,-,-,10303.48
NIFTY MIDCAP150 QUALITY 50,20 Feb 2018,-,-,-,10260.47
NIFTY MIDCAP150 QUALITY 50,19 Feb 2018,-,-,-,10283.83
NIFTY MIDCAP150 QUALITY 50,16 Feb 2018,-,-,-,10402.94
NIFTY MIDCAP150 QUALITY 50,15 Feb 2018,-,-,-,10434.31
NIFTY MIDCAP150 QUALITY 50,14 Feb 2018,-,-,-,10491.41
NIFTY MIDCAP150 QUALITY 50,12 Feb 2018,-,-,-,10467.12
NIFTY MIDCAP150 QUALITY 50,09 Feb 2018,-,-,-,10319.25
NIFTY MIDCAP150 QUALITY 50,08 Feb 2018,-,-,-,10294.72
NIFTY MIDCAP150 QUALITY 50,07 Feb 2018,-,-,-,10144.0
NIFTY MIDCAP150 QUALITY 50,06 Feb 2018,-,-,-,10078.27
NIFTY MIDCAP150 QUALITY 50,05 Feb 2018,-,-,-,10271.0
NIFTY MIDCAP150 QUALITY 50,02 Feb 2018,-,-,-,10378.65
NIFTY MIDCAP150 QUALITY 50,01 Feb 2018,-,-,-,10719.03
NIFTY MIDCAP150 QUALITY 50,31 Jan 2018,-,-,-,10794.13
NIFTY MIDCAP150 QUALITY 50,30 Jan 2018,-,-,-,10963.58
NIFTY MIDCAP150 QUALITY 50,29 Jan 2018,-,-,-,11086.6
NIFTY MIDCAP150 QUALITY 50,25 Jan 2018,-,-,-,11145.61
NIFTY MIDCAP150 QUALITY 50,24 Jan 2018,-,-,-,11231.13
NIFTY MIDCAP150 QUALITY 50,23 Jan 2018,-,-,-,11267.22
NIFTY MIDCAP150 QUALITY 50,22 Jan 2018,-,-,-,11232.71
NIFTY MIDCAP150 QUALITY 50,19 Jan 2018,-,-,-,11181.02
NIFTY MIDCAP150 QUALITY 50,18 Jan 2018,-,-,-,11030.62
NIFTY MIDCAP150 QUALITY 50,17 Jan 2018,-,-,-,11118.32
NIFTY MIDCAP150 QUALITY 50,16 Jan 2018,-,-,-,11059.81
NIFTY MIDCAP150 QUALITY 50,15 Jan 2018,-,-,-,11150.6
NIFTY MIDCAP150 QUALITY 50,12 Jan 2018,-,-,-,11150.91
NIFTY MIDCAP150 QUALITY 50,11 Jan 2018,-,-,-,11161.02
NIFTY MIDCAP150 QUALITY 50,10 Jan 2018,-,-,-,11128.07
NIFTY MIDCAP150 QUALITY 50,09 Jan 2018,-,-,-,11172.65
NIFTY MIDCAP150 QUALITY 50,08 Jan 2018,-,-,-,11181.5
NIFTY MIDCAP150 QUALITY 50,05 Jan 2018,-,-,-,11153.73
NIFTY MIDCAP150 QUALITY 50,04 Jan 2018,-,-,-,11046.59
NIFTY MIDCAP150 QUALITY 50,03 Jan 2018,-,-,-,11020.55
NIFTY MIDCAP150 QUALITY 50,02 Jan 2018,-,-,-,10969.62
NIFTY MIDCAP150 QUALITY 50,01 Jan 2018,-,-,-,11043.69
NIFTY MIDCAP150 QUALITY 50,29 Dec 2017,-,-,-,11077.2
NIFTY MIDCAP150 QUALITY 50,28 Dec 2017,-,-,-,10957.74
NIFTY MIDCAP150 QUALITY 50,27 Dec 2017,-,-,-,10950.78
NIFTY MIDCAP150 QUALITY 50,26 Dec 2017,-,-,-,10953.87
NIFTY MIDCAP150 QUALITY 50,22 Dec 2017,-,-,-,10908.51
NIFTY MIDCAP150 QUALITY 50,21 Dec 2017,-,-,-,10837.3
NIFTY MIDCAP150 QUALITY 50,20 Dec 2017,-,-,-,10754.57
NIFTY MIDCAP150 QUALITY 50,19 Dec 2017,-,-,-,10754.06
NIFTY MIDCAP150 QUALITY 50,18 Dec 2017,-,-,-,10637.63
NIFTY MIDCAP150 QUALITY 50,15 Dec 2017,-,-,-,10506.5
NIFTY MIDCAP150 QUALITY 50,14 Dec 2017,-,-,-,10379.62
NIFTY MIDCAP150 QUALITY 50,13 Dec 2017,-,-,-,10408.54
NIFTY MIDCAP150 QUALITY 50,12 Dec 2017,-,-,-,10448.37
NIFTY MIDCAP150 QUALITY 50,11 Dec 2017,-,-,-,10502.54
NIFTY MIDCAP150 QUALITY 50,08 Dec 2017,-,-,-,10425.14
NIFTY MIDCAP150 QUALITY 50,07 Dec 2017,-,-,-,10351.11
NIFTY MIDCAP150 QUALITY 50,06 Dec 2017,-,-,-,10236.36
NIFTY MIDCAP150 QUALITY 50,05 Dec 2017,-,-,-,10297.08
NIFTY MIDCAP150 QUALITY 50,04 Dec 2017,-,-,-,10319.93
NIFTY MIDCAP150 QUALITY 50,01 Dec 2017,-,-,-,10261.37
NIFTY MIDCAP150 QUALITY 50,30 Nov 2017,-,-,-,10324.65
NIFTY MIDCAP150 QUALITY 50,29 Nov 2017,-,-,-,10321.95
NIFTY MIDCAP150 QUALITY 50,28 Nov 2017,-,-,-,10310.46
NIFTY MIDCAP150 QUALITY 50,27 Nov 2017,-,-,-,10291.42
NIFTY MIDCAP150 QUALITY 50,24 Nov 2017,-,-,-,10236.73
NIFTY MIDCAP150 QUALITY 50,23 Nov 2017,-,-,-,10172.83
NIFTY MIDCAP150 QUALITY 50,22 Nov 2017,-,-,-,10145.59
NIFTY MIDCAP150 QUALITY 50,21 Nov 2017,-,-,-,10156.54
NIFTY MIDCAP150 QUALITY 50,20 Nov 2017,-,-,-,10097.44
NIFTY MIDCAP150 QUALITY 50,17 Nov 2017,-,-,-,10034.54
NIFTY MIDCAP150 QUALITY 50,16 Nov 2017,-,-,-,9993.12
NIFTY MIDCAP150 QUALITY 50,15 Nov 2017,-,-,-,9877.22
NIFTY MIDCAP150 QUALITY 50,14 Nov 2017,-,-,-,9934.61
NIFTY MIDCAP150 QUALITY 50,13 Nov 2017,-,-,-,9938.18
NIFTY MIDCAP150 QUALITY 50,10 Nov 2017,-,-,-,9922.48
NIFTY MIDCAP150 QUALITY 50,09 Nov 2017,-,-,-,9889.69
NIFTY MIDCAP150 QUALITY 50,08 Nov 2017,-,-,-,9734.45
NIFTY MIDCAP150 QUALITY 50,07 Nov 2017,-,-,-,9760.67
NIFTY MIDCAP150 QUALITY 50,06 Nov 2017,-,-,-,9829.17
NIFTY MIDCAP150 QUALITY 50,03 Nov 2017,-,-,-,9778.13
NIFTY MIDCAP150 QUALITY 50,02 Nov 2017,-,-,-,9783.68
NIFTY MIDCAP150 QUALITY 50,01 Nov 2017,-,-,-,9717.86
NIFTY MIDCAP150 QUALITY 50,31 Oct 2017,-,-,-,9699.61
NIFTY MIDCAP150 QUALITY 50,30 Oct 2017,-,-,-,9676.36
NIFTY MIDCAP150 QUALITY 50,27 Oct 2017,-,-,-,9586.37
NIFTY MIDCAP150 QUALITY 50,26 Oct 2017,-,-,-,9566.19
NIFTY MIDCAP150 QUALITY 50,25 Oct 2017,-,-,-,9552.66
NIFTY MIDCAP150 QUALITY 50,24 Oct 2017,-,-,-,9520.87
NIFTY MIDCAP150 QUALITY 50,23 Oct 2017,-,-,-,9490.3
NIFTY MIDCAP150 QUALITY 50,19 Oct 2017,-,-,-,9447.74
NIFTY MIDCAP150 QUALITY 50,18 Oct 2017,-,-,-,9470.69
NIFTY MIDCAP150 QUALITY 50,17 Oct 2017,-,-,-,9482.95
NIFTY MIDCAP150 QUALITY 50,16 Oct 2017,-,-,-,9418.26
NIFTY MIDCAP150 QUALITY 50,13 Oct 2017,-,-,-,9363.62
NIFTY MIDCAP150 QUALITY 50,12 Oct 2017,-,-,-,9342.09
NIFTY MIDCAP150 QUALITY 50,11 Oct 2017,-,-,-,9283.76
NIFTY MIDCAP150 QUALITY 50,10 Oct 2017,-,-,-,9333.33
NIFTY MIDCAP150 QUALITY 50,09 Oct 2017,-,-,-,9255.84
NIFTY MIDCAP150 QUALITY 50,06 Oct 2017,-,-,-,9271.57
NIFTY MIDCAP150 QUALITY 50,05 Oct 2017,-,-,-,9218.32
NIFTY MIDCAP150 QUALITY 50,04 Oct 2017,-,-,-,9208.3
NIFTY MIDCAP150 QUALITY 50,03 Oct 2017,-,-,-,9148.59
NIFTY MIDCAP150 QUALITY 50,29 Sep 2017,-,-,-,9116.92
NIFTY MIDCAP150 QUALITY 50,28 Sep 2017,-,-,-,9025.52
NIFTY MIDCAP150 QUALITY 50,27 Sep 2017,-,-,-,8973.74
NIFTY MIDCAP150 QUALITY 50,26 Sep 2017,-,-,-,9112.46
NIFTY MIDCAP150 QUALITY 50,25 Sep 2017,-,-,-,9090.81
NIFTY MIDCAP150 QUALITY 50,22 Sep 2017,-,-,-,9241.9
NIFTY MIDCAP150 QUALITY 50,21 Sep 2017,-,-,-,9412.05
NIFTY MIDCAP150 QUALITY 50,20 Sep 2017,-,-,-,9400.74
NIFTY MIDCAP150 QUALITY 50,19 Sep 2017,-,-,-,9458.62
NIFTY MIDCAP150 QUALITY 50,18 Sep 2017,-,-,-,9435.77
NIFTY MIDCAP150 QUALITY 50,15 Sep 2017,-,-,-,9366.34
NIFTY MIDCAP150 QUALITY 50,14 Sep 2017,-,-,-,9320.72
NIFTY MIDCAP150 QUALITY 50,13 Sep 2017,-,-,-,9246.31
NIFTY MIDCAP150 QUALITY 50,12 Sep 2017,-,-,-,9300.39
NIFTY MIDCAP150 QUALITY 50,11 Sep 2017,-,-,-,9222.42
NIFTY MIDCAP150 QUALITY 50,08 Sep 2017,-,-,-,9184.67
NIFTY MIDCAP150 QUALITY 50,07 Sep 2017,-,-,-,9144.34
NIFTY MIDCAP150 QUALITY 50,06 Sep 2017,-,-,-,9124.92
NIFTY MIDCAP150 QUALITY 50,05 Sep 2017,-,-,-,9112.45
NIFTY MIDCAP150 QUALITY 50,04 Sep 2017,-,-,-,9051.29
NIFTY MIDCAP150 QUALITY 50,01 Sep 2017,-,-,-,9089.39
NIFTY MIDCAP150 QUALITY 50,31 Aug 2017,-,-,-,9027.69
NIFTY MIDCAP150 QUALITY 50,30 Aug 2017,-,-,-,8953.2
NIFTY MIDCAP150 QUALITY 50,29 Aug 2017,-,-,-,8875.1
NIFTY MIDCAP150 QUALITY 50,28 Aug 2017,-,-,-,8970.79
NIFTY MIDCAP150 QUALITY 50,24 Aug 2017,-,-,-,8941.46
NIFTY MIDCAP150 QUALITY 50,23 Aug 2017,-,-,-,8861.14
NIFTY MIDCAP150 QUALITY 50,22 Aug 2017,-,-,-,8804.05
NIFTY MIDCAP150 QUALITY 50,21 Aug 2017,-,-,-,8825.85
NIFTY MIDCAP150 QUALITY 50,18 Aug 2017,-,-,-,8886.17
NIFTY MIDCAP150 QUALITY 50,17 Aug 2017,-,-,-,8916.81
NIFTY MIDCAP150 QUALITY 50,16 Aug 2017,-,-,-,8909.3
NIFTY MIDCAP150 QUALITY 50,14 Aug 2017,-,-,-,8839.01
NIFTY MIDCAP150 QUALITY 50,11 Aug 2017,-,-,-,8617.04
NIFTY MIDCAP150 QUALITY 50,10 Aug 2017,-,-,-,8654.38
NIFTY MIDCAP150 QUALITY 50,09 Aug 2017,-,-,-,8881.35
NIFTY MIDCAP150 QUALITY 50,08 Aug 2017,-,-,-,9011.75
NIFTY MIDCAP150 QUALITY 50,07 Aug 2017,-,-,-,9095.55
NIFTY MIDCAP150 QUALITY 50,04 Aug 2017,-,-,-,9027.78
NIFTY MIDCAP150 QUALITY 50,03 Aug 2017,-,-,-,9018.43
NIFTY MIDCAP150 QUALITY 50,02 Aug 2017,-,-,-,9095.65
NIFTY MIDCAP150 QUALITY 50,01 Aug 2017,-,-,-,9113.54
NIFTY MIDCAP150 QUALITY 50,31 Jul 2017,-,-,-,9073.17
NIFTY MIDCAP150 QUALITY 50,28 Jul 2017,-,-,-,9072.31
NIFTY MIDCAP150 QUALITY 50,27 Jul 2017,-,-,-,9073.04
NIFTY MIDCAP150 QUALITY 50,26 Jul 2017,-,-,-,9056.92
NIFTY MIDCAP150 QUALITY 50,25 Jul 2017,-,-,-,9057.78
NIFTY MIDCAP150 QUALITY 50,24 Jul 2017,-,-,-,9018.98
NIFTY MIDCAP150 QUALITY 50,21 Jul 2017,-,-,-,9002.65
NIFTY MIDCAP150 QUALITY 50,20 Jul 2017,-,-,-,9014.39
NIFTY MIDCAP150 QUALITY 50,19 Jul 2017,-,-,-,9049.27
NIFTY MIDCAP150 QUALITY 50,18 Jul 2017,-,-,-,9009.66
NIFTY MIDCAP150 QUALITY 50,17 Jul 2017,-,-,-,9053.66
NIFTY MIDCAP150 QUALITY 50,14 Jul 2017,-,-,-,9040.79
NIFTY MIDCAP150 QUALITY 50,13 Jul 2017,-,-,-,9053.02
NIFTY MIDCAP150 QUALITY 50,12 Jul 2017,-,-,-,9045.79
NIFTY MIDCAP150 QUALITY 50,11 Jul 2017,-,-,-,8983.46
NIFTY MIDCAP150 QUALITY 50,10 Jul 2017,-,-,-,9041.36
NIFTY MIDCAP150 QUALITY 50,07 Jul 2017,-,-,-,9020.58
NIFTY MIDCAP150 QUALITY 50,06 Jul 2017,-,-,-,9019.23
NIFTY MIDCAP150 QUALITY 50,05 Jul 2017,-,-,-,9010.53
NIFTY MIDCAP150 QUALITY 50,04 Jul 2017,-,-,-,8953.02
NIFTY MIDCAP150 QUALITY 50,03 Jul 2017,-,-,-,8953.44
NIFTY MIDCAP150 QUALITY 50,30 Jun 2017,-,-,-,8863.21
NIFTY MIDCAP150 QUALITY 50,29 Jun 2017,-,-,-,8771.53
NIFTY MIDCAP150 QUALITY 50,28 Jun 2017,-,-,-,8738.66
NIFTY MIDCAP150 QUALITY 50,27 Jun 2017,-,-,-,8723.43
NIFTY MIDCAP150 QUALITY 50,23 Jun 2017,-,-,-,8805.54
NIFTY MIDCAP150 QUALITY 50,22 Jun 2017,-,-,-,8879.85
NIFTY MIDCAP150 QUALITY 50,21 Jun 2017,-,-,-,8924.52
NIFTY MIDCAP150 QUALITY 50,20 Jun 2017,-,-,-,8925.08
NIFTY MIDCAP150 QUALITY 50,19 Jun 2017,-,-,-,8909.44
NIFTY MIDCAP150 QUALITY 50,16 Jun 2017,-,-,-,8947.21
NIFTY MIDCAP150 QUALITY 50,15 Jun 2017,-,-,-,8927.29
NIFTY MIDCAP150 QUALITY 50,14 Jun 2017,-,-,-,8941.68
NIFTY MIDCAP150 QUALITY 50,13 Jun 2017,-,-,-,8888.43
NIFTY MIDCAP150 QUALITY 50,12 Jun 2017,-,-,-,8884.9
NIFTY MIDCAP150 QUALITY 50,09 Jun 2017,-,-,-,8903.16
NIFTY MIDCAP150 QUALITY 50,08 Jun 2017,-,-,-,8889.31
NIFTY MIDCAP150 QUALITY 50,07 Jun 2017,-,-,-,8865.89
NIFTY MIDCAP150 QUALITY 50,06 Jun 2017,-,-,-,8839.77
NIFTY MIDCAP150 QUALITY 50,05 Jun 2017,-,-,-,8842.54
NIFTY MIDCAP150 QUALITY 50,02 Jun 2017,-,-,-,8812.44
NIFTY MIDCAP150 QUALITY 50,01 Jun 2017,-,-,-,8746.46
NIFTY MIDCAP150 QUALITY 50,31 May 2017,-,-,-,8678.44
NIFTY MIDCAP150 QUALITY 50,30 May 2017,-,-,-,8598.25
NIFTY MIDCAP150 QUALITY 50,29 May 2017,-,-,-,8551.78
NIFTY MIDCAP150 QUALITY 50,26 May 2017,-,-,-,8626.29
NIFTY MIDCAP150 QUALITY 50,25 May 2017,-,-,-,8508.4
NIFTY MIDCAP150 QUALITY 50,24 May 2017,-,-,-,8433.56
NIFTY MIDCAP150 QUALITY 50,23 May 2017,-,-,-,8494.78
NIFTY MIDCAP150 QUALITY 50,22 May 2017,-,-,-,8593.21
NIFTY MIDCAP150 QUALITY 50,19 May 2017,-,-,-,8641.41
NIFTY MIDCAP150 QUALITY 50,18 May 2017,-,-,-,8701.77
NIFTY MIDCAP150 QUALITY 50,17 May 2017,-,-,-,8832.91
NIFTY MIDCAP150 QUALITY 50,16 May 2017,-,-,-,8864.69
NIFTY MIDCAP150 QUALITY 50,15 May 2017,-,-,-,8858.12
NIFTY MIDCAP150 QUALITY 50,12 May 2017,-,-,-,8733.77
NIFTY MIDCAP150 QUALITY 50,11 May 2017,-,-,-,8801.29
NIFTY MIDCAP150 QUALITY 50,10 May 2017,-,-,-,8781.03
NIFTY MIDCAP150 QUALITY 50,09 May 2017,-,-,-,8718.8
NIFTY MIDCAP150 QUALITY 50,08 May 2017,-,-,-,8719.59
NIFTY MIDCAP150 QUALITY 50,05 May 2017,-,-,-,8687.97
NIFTY MIDCAP150 QUALITY 50,04 May 2017,-,-,-,8720.42
NIFTY MIDCAP150 QUALITY 50,03 May 2017,-,-,-,8678.96
NIFTY MIDCAP150 QUALITY 50,02 May 2017,-,-,-,8741.54
NIFTY MIDCAP150 QUALITY 50,28 Apr 2017,-,-,-,8707.67
NIFTY MIDCAP150 QUALITY 50,27 Apr 2017,-,-,-,8688.55
NIFTY MIDCAP150 QUALITY 50,26 Apr 2017,-,-,-,8682.46
NIFTY MIDCAP150 QUALITY 50,25 Apr 2017,-,-,-,8730.66
NIFTY MIDCAP150 QUALITY 50,24 Apr 2017,-,-,-,8691.37
NIFTY MIDCAP150 QUALITY 50,21 Apr 2017,-,-,-,8651.83
NIFTY MIDCAP150 QUALITY 50,20 Apr 2017,-,-,-,8662.84
NIFTY MIDCAP150 QUALITY 50,19 Apr 2017,-,-,-,8615.36
NIFTY MIDCAP150 QUALITY 50,18 Apr 2017,-,-,-,8553.94
NIFTY MIDCAP150 QUALITY 50,17 Apr 2017,-,-,-,8556.04
NIFTY MIDCAP150 QUALITY 50,13 Apr 2017,-,-,-,8544.3
NIFTY MIDCAP150 QUALITY 50,12 Apr 2017,-,-,-,8541.96
NIFTY MIDCAP150 QUALITY 50,11 Apr 2017,-,-,-,8575.5
NIFTY MIDCAP150 QUALITY 50,10 Apr 2017,-,-,-,8490.5
NIFTY MIDCAP150 QUALITY 50,07 Apr 2017,-,-,-,8463.22
NIFTY MIDCAP150 QUALITY 50,06 Apr 2017,-,-,-,8503.27
NIFTY MIDCAP150 QUALITY 50,05 Apr 2017,-,-,-,8531.94
NIFTY MIDCAP150 QUALITY 50,03 Apr 2017,-,-,-,8516.47
NIFTY MIDCAP150 QUALITY 50,31 Mar 2017,-,-,-,8464.11
NIFTY MIDCAP150 QUALITY 50,30 Mar 2017,-,-,-,8402.26
NIFTY MIDCAP150 QUALITY 50,29 Mar 2017,-,-,-,8355.6
NIFTY MIDCAP150 QUALITY 50,28 Mar 2017,-,-,-,8282.55
NIFTY MIDCAP150 QUALITY 50,27 Mar 2017,-,-,-,8246.99
NIFTY MIDCAP150 QUALITY 50,24 Mar 2017,-,-,-,8251.01
NIFTY MIDCAP150 QUALITY 50,23 Mar 2017,-,-,-,8204.82
NIFTY MIDCAP150 QUALITY 50,22 Mar 2017,-,-,-,8165.48
NIFTY MIDCAP150 QUALITY 50,21 Mar 2017,-,-,-,8243.2
NIFTY MIDCAP150 QUALITY 50,20 Mar 2017,-,-,-,8258.41
NIFTY MIDCAP150 QUALITY 50,17 Mar 2017,-,-,-,8229.74
NIFTY MIDCAP150 QUALITY 50,16 Mar 2017,-,-,-,8172.74
NIFTY MIDCAP150 QUALITY 50,15 Mar 2017,-,-,-,8106.03
NIFTY MIDCAP150 QUALITY 50,14 Mar 2017,-,-,-,8041.05
NIFTY MIDCAP150 QUALITY 50,10 Mar 2017,-,-,-,7953.58
NIFTY MIDCAP150 QUALITY 50,09 Mar 2017,-,-,-,7939.34
NIFTY MIDCAP150 QUALITY 50,08 Mar 2017,-,-,-,7939.42
NIFTY MIDCAP150 QUALITY 50,07 Mar 2017,-,-,-,7965.55
NIFTY MIDCAP150 QUALITY 50,06 Mar 2017,-,-,-,7971.66
NIFTY MIDCAP150 QUALITY 50,03 Mar 2017,-,-,-,7962.94
NIFTY MIDCAP150 QUALITY 50,02 Mar 2017,-,-,-,7939.03
NIFTY MIDCAP150 QUALITY 50,01 Mar 2017,-,-,-,7999.78
NIFTY MIDCAP150 QUALITY 50,28 Feb 2017,-,-,-,7997.89
NIFTY MIDCAP150 QUALITY 50,27 Feb 2017,-,-,-,7975.85
NIFTY MIDCAP150 QUALITY 50,23 Feb 2017,-,-,-,7954.8
NIFTY MIDCAP150 QUALITY 50,22 Feb 2017,-,-,-,7939.38
NIFTY MIDCAP150 QUALITY 50,21 Feb 2017,-,-,-,7986.45
NIFTY MIDCAP150 QUALITY 50,20 Feb 2017,-,-,-,7954.68
NIFTY MIDCAP150 QUALITY 50,17 Feb 2017,-,-,-,7923.45
NIFTY MIDCAP150 QUALITY 50,16 Feb 2017,-,-,-,7928.39
NIFTY MIDCAP150 QUALITY 50,15 Feb 2017,-,-,-,7841.99
NIFTY MIDCAP150 QUALITY 50,14 Feb 2017,-,-,-,7903.33
NIFTY MIDCAP150 QUALITY 50,13 Feb 2017,-,-,-,7913.58
NIFTY MIDCAP150 QUALITY 50,10 Feb 2017,-,-,-,7939.66
NIFTY MIDCAP150 QUALITY 50,09 Feb 2017,-,-,-,7916.05
NIFTY MIDCAP150 QUALITY 50,08 Feb 2017,-,-,-,7902.0
NIFTY MIDCAP150 QUALITY 50,07 Feb 2017,-,-,-,7885.13
NIFTY MIDCAP150 QUALITY 50,06 Feb 2017,-,-,-,7893.65
NIFTY MIDCAP150 QUALITY 50,03 Feb 2017,-,-,-,7820.41
NIFTY MIDCAP150 QUALITY 50,02 Feb 2017,-,-,-,7728.44
NIFTY MIDCAP150 QUALITY 50,01 Feb 2017,-,-,-,7681.88
NIFTY MIDCAP150 QUALITY 50,31 Jan 2017,-,-,-,7585.96
NIFTY MIDCAP150 QUALITY 50,30 Jan 2017,-,-,-,7659.82
NIFTY MIDCAP150 QUALITY 50,27 Jan 2017,-,-,-,7683.63
NIFTY MIDCAP150 QUALITY 50,25 Jan 2017,-,-,-,7603.67
NIFTY MIDCAP150 QUALITY 50,24 Jan 2017,-,-,-,7559.17
NIFTY MIDCAP150 QUALITY 50,23 Jan 2017,-,-,-,7509.96
NIFTY MIDCAP150 QUALITY 50,20 Jan 2017,-,-,-,7510.12
NIFTY MIDCAP150 QUALITY 50,19 Jan 2017,-,-,-,7587.45
NIFTY MIDCAP150 QUALITY 50,18 Jan 2017,-,-,-,7541.67
NIFTY MIDCAP150 QUALITY 50,17 Jan 2017,-,-,-,7474.22
NIFTY MIDCAP150 QUALITY 50,16 Jan 2017,-,-,-,7452.73
NIFTY MIDCAP150 QUALITY 50,13 Jan 2017,-,-,-,7450.9
NIFTY MIDCAP150 QUALITY 50,12 Jan 2017,-,-,-,7454.59
NIFTY MIDCAP150 QUALITY 50,11 Jan 2017,-,-,-,7442.48
NIFTY MIDCAP150 QUALITY 50,10 Jan 2017,-,-,-,7396.5
NIFTY MIDCAP150 QUALITY 50,09 Jan 2017,-,-,-,7379.93
NIFTY MIDCAP150 QUALITY 50,06 Jan 2017,-,-,-,7370.05
NIFTY MIDCAP150 QUALITY 50,05 Jan 2017,-,-,-,7391.4
NIFTY MIDCAP150 QUALITY 50,04 Jan 2017,-,-,-,7339.38
NIFTY MIDCAP150 QUALITY 50,03 Jan 2017,-,-,-,7327.42
NIFTY MIDCAP150 QUALITY 50,02 Jan 2017,-,-,-,7302.44
NIFTY MIDCAP150 QUALITY 50,30 Dec 2016,-,-,-,7248.19
NIFTY MIDCAP150 QUALITY 50,29 Dec 2016,-,-,-,7224.69
NIFTY MIDCAP150 QUALITY 50,28 Dec 2016,-,-,-,7121.52
NIFTY MIDCAP150 QUALITY 50,27 Dec 2016,-,-,-,7044.82
NIFTY MIDCAP150 QUALITY 50,26 Dec 2016,-,-,-,6977.42
NIFTY MIDCAP150 QUALITY 50,23 Dec 2016,-,-,-,7107.01
NIFTY MIDCAP150 QUALITY 50,22 Dec 2016,-,-,-,7102.96
NIFTY MIDCAP150 QUALITY 50,21 Dec 2016,-,-,-,7171.3
NIFTY MIDCAP150 QUALITY 50,20 Dec 2016,-,-,-,7172.81
NIFTY MIDCAP150 QUALITY 50,19 Dec 2016,-,-,-,7238.93
NIFTY MIDCAP150 QUALITY 50,16 Dec 2016,-,-,-,7281.42
NIFTY MIDCAP150 QUALITY 50,15 Dec 2016,-,-,-,7262.99
NIFTY MIDCAP150 QUALITY 50,14 Dec 2016,-,-,-,7250.92
NIFTY MIDCAP150 QUALITY 50,13 Dec 2016,-,-,-,7265.2
NIFTY MIDCAP150 QUALITY 50,12 Dec 2016,-,-,-,7287.98
NIFTY MIDCAP150 QUALITY 50,09 Dec 2016,-,-,-,7353.48
NIFTY MIDCAP150 QUALITY 50,08 Dec 2016,-,-,-,7333.61
NIFTY MIDCAP150 QUALITY 50,07 Dec 2016,-,-,-,7217.43
NIFTY MIDCAP150 QUALITY 50,06 Dec 2016,-,-,-,7226.61
NIFTY MIDCAP150 QUALITY 50,05 Dec 2016,-,-,-,7228.3
NIFTY MIDCAP150 QUALITY 50,02 Dec 2016,-,-,-,7203.58
NIFTY MIDCAP150 QUALITY 50,01 Dec 2016,-,-,-,7300.86
NIFTY MIDCAP150 QUALITY 50,30 Nov 2016,-,-,-,7365.91
NIFTY MIDCAP150 QUALITY 50,29 Nov 2016,-,-,-,7269.55
NIFTY MIDCAP150 QUALITY 50,28 Nov 2016,-,-,-,7224.0
NIFTY MIDCAP150 QUALITY 50,25 Nov 2016,-,-,-,7190.5
NIFTY MIDCAP150 QUALITY 50,24 Nov 2016,-,-,-,7085.65
NIFTY MIDCAP150 QUALITY 50,23 Nov 2016,-,-,-,7106.33
NIFTY MIDCAP150 QUALITY 50,22 Nov 2016,-,-,-,7052.61
NIFTY MIDCAP150 QUALITY 50,21 Nov 2016,-,-,-,6959.77
NIFTY MIDCAP150 QUALITY 50,18 Nov 2016,-,-,-,7111.55
NIFTY MIDCAP150 QUALITY 50,17 Nov 2016,-,-,-,7083.97
NIFTY MIDCAP150 QUALITY 50,16 Nov 2016,-,-,-,7088.91
NIFTY MIDCAP150 QUALITY 50,15 Nov 2016,-,-,-,7057.15
NIFTY MIDCAP150 QUALITY 50,11 Nov 2016,-,-,-,7319.39
NIFTY MIDCAP150 QUALITY 50,10 Nov 2016,-,-,-,7568.85
NIFTY MIDCAP150 QUALITY 50,09 Nov 2016,-,-,-,7528.16
NIFTY MIDCAP150 QUALITY 50,08 Nov 2016,-,-,-,7686.46
NIFTY MIDCAP150 QUALITY 50,07 Nov 2016,-,-,-,7654.85
NIFTY MIDCAP150 QUALITY 50,04 Nov 2016,-,-,-,7615.83
NIFTY MIDCAP150 QUALITY 50,03 Nov 2016,-,-,-,7704.13
NIFTY MIDCAP150 QUALITY 50,02 Nov 2016,-,-,-,7798.17
NIFTY MIDCAP150 QUALITY 50,01 Nov 2016,-,-,-,7908.7
NIFTY MIDCAP150 QUALITY 50,30 Oct 2016,-,-,-,7919.4
NIFTY MIDCAP150 QUALITY 50,28 Oct 2016,-,-,-,7865.85
NIFTY MIDCAP150 QUALITY 50,27 Oct 2016,-,-,-,7792.91
NIFTY MIDCAP150 QUALITY 50,26 Oct 2016,-,-,-,7863.45
NIFTY MIDCAP150 QUALITY 50,25 Oct 2016,-,-,-,7913.07
NIFTY MIDCAP150 QUALITY 50,24 Oct 2016,-,-,-,7905.08
NIFTY MIDCAP150 QUALITY 50,21 Oct 2016,-,-,-,7922.76
NIFTY MIDCAP150 QUALITY 50,20 Oct 2016,-,-,-,7909.5
NIFTY MIDCAP150 QUALITY 50,19 Oct 2016,-,-,-,7915.3
NIFTY MIDCAP150 QUALITY 50,18 Oct 2016,-,-,-,7910.96
NIFTY MIDCAP150 QUALITY 50,17 Oct 2016,-,-,-,7805.22
NIFTY MIDCAP150 QUALITY 50,14 Oct 2016,-,-,-,7881.49
NIFTY MIDCAP150 QUALITY 50,13 Oct 2016,-,-,-,7856.61
NIFTY MIDCAP150 QUALITY 50,10 Oct 2016,-,-,-,7920.19
NIFTY MIDCAP150 QUALITY 50,07 Oct 2016,-,-,-,7895.76
NIFTY MIDCAP150 QUALITY 50,06 Oct 2016,-,-,-,7911.74
NIFTY MIDCAP150 QUALITY 50,05 Oct 2016,-,-,-,7916.86
NIFTY MIDCAP150 QUALITY 50,04 Oct 2016,-,-,-,7858.02
NIFTY MIDCAP150 QUALITY 50,03 Oct 2016,-,-,-,7785.58
NIFTY MIDCAP150 QUALITY 50,30 Sep 2016,-,-,-,7620.05
NIFTY MIDCAP150 QUALITY 50,29 Sep 2016,-,-,-,7529.52
NIFTY MIDCAP150 QUALITY 50,28 Sep 2016,-,-,-,7696.21
NIFTY MIDCAP150 QUALITY 50,27 Sep 2016,-,-,-,7644.26
NIFTY MIDCAP150 QUALITY 50,26 Sep 2016,-,-,-,7609.45
NIFTY MIDCAP150 QUALITY 50,23 Sep 2016,-,-,-,7638.71
NIFTY MIDCAP150 QUALITY 50,22 Sep 2016,-,-,-,7644.96
NIFTY MIDCAP150 QUALITY 50,21 Sep 2016,-,-,-,7598.94
NIFTY MIDCAP150 QUALITY 50,20 Sep 2016,-,-,-,7597.9
NIFTY MIDCAP150 QUALITY 50,19 Sep 2016,-,-,-,7624.4
NIFTY MIDCAP150 QUALITY 50,16 Sep 2016,-,-,-,7587.2
NIFTY MIDCAP150 QUALITY 50,15 Sep 2016,-,-,-,7595.11
NIFTY MIDCAP150 QUALITY 50,14 Sep 2016,-,-,-,7556.37
NIFTY MIDCAP150 QUALITY 50,12 Sep 2016,-,-,-,7497.83
NIFTY MIDCAP150 QUALITY 50,09 Sep 2016,-,-,-,7653.35
NIFTY MIDCAP150 QUALITY 50,08 Sep 2016,-,-,-,7697.87
NIFTY MIDCAP150 QUALITY 50,07 Sep 2016,-,-,-,7690.96
NIFTY MIDCAP150 QUALITY 50,06 Sep 2016,-,-,-,7724.28
NIFTY MIDCAP150 QUALITY 50,02 Sep 2016,-,-,-,7657.46
NIFTY MIDCAP150 QUALITY 50,01 Sep 2016,-,-,-,7652.64
NIFTY MIDCAP150 QUALITY 50,31 Aug 2016,-,-,-,7648.75
NIFTY MIDCAP150 QUALITY 50,30 Aug 2016,-,-,-,7654.06
NIFTY MIDCAP150 QUALITY 50,29 Aug 2016,-,-,-,7586.12
NIFTY MIDCAP150 QUALITY 50,26 Aug 2016,-,-,-,7579.17
NIFTY MIDCAP150 QUALITY 50,25 Aug 2016,-,-,-,7518.35
NIFTY MIDCAP150 QUALITY 50,24 Aug 2016,-,-,-,7524.2
NIFTY MIDCAP150 QUALITY 50,23 Aug 2016,-,-,-,7494.95
NIFTY MIDCAP150 QUALITY 50,22 Aug 2016,-,-,-,7509.48
NIFTY MIDCAP150 QUALITY 50,19 Aug 2016,-,-,-,7533.19
NIFTY MIDCAP150 QUALITY 50,18 Aug 2016,-,-,-,7503.22
NIFTY MIDCAP150 QUALITY 50,17 Aug 2016,-,-,-,7452.17
NIFTY MIDCAP150 QUALITY 50,16 Aug 2016,-,-,-,7415.57
NIFTY MIDCAP150 QUALITY 50,12 Aug 2016,-,-,-,7368.53
NIFTY MIDCAP150 QUALITY 50,11 Aug 2016,-,-,-,7359.7
NIFTY MIDCAP150 QUALITY 50,10 Aug 2016,-,-,-,7337.55
NIFTY MIDCAP150 QUALITY 50,09 Aug 2016,-,-,-,7410.23
NIFTY MIDCAP150 QUALITY 50,08 Aug 2016,-,-,-,7428.07
NIFTY MIDCAP150 QUALITY 50,05 Aug 2016,-,-,-,7352.9
NIFTY MIDCAP150 QUALITY 50,04 Aug 2016,-,-,-,7262.74
NIFTY MIDCAP150 QUALITY 50,03 Aug 2016,-,-,-,7231.41
NIFTY MIDCAP150 QUALITY 50,02 Aug 2016,-,-,-,7311.83
NIFTY MIDCAP150 QUALITY 50,01 Aug 2016,-,-,-,7351.94
NIFTY MIDCAP150 QUALITY 50,29 Jul 2016,-,-,-,7297.51
NIFTY MIDCAP150 QUALITY 50,28 Jul 2016,-,-,-,7214.17
NIFTY MIDCAP150 QUALITY 50,27 Jul 2016,-,-,-,7156.5
NIFTY MIDCAP150 QUALITY 50,26 Jul 2016,-,-,-,7107.84
NIFTY MIDCAP150 QUALITY 50,25 Jul 2016,-,-,-,7159.51
NIFTY MIDCAP150 QUALITY 50,22 Jul 2016,-,-,-,7104.91
NIFTY MIDCAP150 QUALITY 50,21 Jul 2016,-,-,-,7053.38
NIFTY MIDCAP150 QUALITY 50,20 Jul 2016,-,-,-,7047.5
NIFTY MIDCAP150 QUALITY 50,19 Jul 2016,-,-,-,6992.34
NIFTY MIDCAP150 QUALITY 50,18 Jul 2016,-,-,-,6992.88
NIFTY MIDCAP150 QUALITY 50,15 Jul 2016,-,-,-,7014.35
NIFTY MIDCAP150 QUALITY 50,14 Jul 2016,-,-,-,7072.46
NIFTY MIDCAP150 QUALITY 50,13 Jul 2016,-,-,-,7043.09
NIFTY MIDCAP150 QUALITY 50,12 Jul 2016,-,-,-,7074.12
NIFTY MIDCAP150 QUALITY 50,11 Jul 2016,-,-,-,7075.91
NIFTY MIDCAP150 QUALITY 50,08 Jul 2016,-,-,-,7021.03
NIFTY MIDCAP150 QUALITY 50,07 Jul 2016,-,-,-,7025.08
NIFTY MIDCAP150 QUALITY 50,05 Jul 2016,-,-,-,7040.48
NIFTY MIDCAP150 QUALITY 50,04 Jul 2016,-,-,-,7054.74
NIFTY MIDCAP150 QUALITY 50,01 Jul 2016,-,-,-,7026.79
NIFTY MIDCAP150 QUALITY 50,30 Jun 2016,-,-,-,6968.46
NIFTY MIDCAP150 QUALITY 50,29 Jun 2016,-,-,-,6901.13
NIFTY MIDCAP150 QUALITY 50,28 Jun 2016,-,-,-,6837.45
NIFTY MIDCAP150 QUALITY 50,27 Jun 2016,-,-,-,6809.67
NIFTY MIDCAP150 QUALITY 50,24 Jun 2016,-,-,-,6757.73
NIFTY MIDCAP150 QUALITY 50,23 Jun 2016,-,-,-,6807.06
NIFTY MIDCAP150 QUALITY 50,22 Jun 2016,-,-,-,6788.26
NIFTY MIDCAP150 QUALITY 50,21 Jun 2016,-,-,-,6803.38
NIFTY MIDCAP150 QUALITY 50,20 Jun 2016,-,-,-,6785.77
NIFTY MIDCAP150 QUALITY 50,17 Jun 2016,-,-,-,6761.84
NIFTY MIDCAP150 QUALITY 50,16 Jun 2016,-,-,-,6756.22
NIFTY MIDCAP150 QUALITY 50,15 Jun 2016,-,-,-,6810.35
NIFTY MIDCAP150 QUALITY 50,14 Jun 2016,-,-,-,6788.68
NIFTY MIDCAP150 QUALITY 50,13 Jun 2016,-,-,-,6765.77
NIFTY MIDCAP150 QUALITY 50,10 Jun 2016,-,-,-,6793.27
NIFTY MIDCAP150 QUALITY 50,09 Jun 2016,-,-,-,6812.38
NIFTY MIDCAP150 QUALITY 50,08 Jun 2016,-,-,-,6833.89
NIFTY MIDCAP150 QUALITY 50,07 Jun 2016,-,-,-,6812.05
NIFTY MIDCAP150 QUALITY 50,06 Jun 2016,-,-,-,6768.12
NIFTY MIDCAP150 QUALITY 50,03 Jun 2016,-,-,-,6747.14
NIFTY MIDCAP150 QUALITY 50,02 Jun 2016,-,-,-,6777.55
NIFTY MIDCAP150 QUALITY 50,01 Jun 2016,-,-,-,6735.68
NIFTY MIDCAP150 QUALITY 50,31 May 2016,-,-,-,6739.54
NIFTY MIDCAP150 QUALITY 50,30 May 2016,-,-,-,6759.83
NIFTY MIDCAP150 QUALITY 50,27 May 2016,-,-,-,6694.38
NIFTY MIDCAP150 QUALITY 50,26 May 2016,-,-,-,6649.15
NIFTY MIDCAP150 QUALITY 50,25 May 2016,-,-,-,6576.78
NIFTY MIDCAP150 QUALITY 50,24 May 2016,-,-,-,6545.15
NIFTY MIDCAP150 QUALITY 50,23 May 2016,-,-,-,6555.56
NIFTY MIDCAP150 QUALITY 50,20 May 2016,-,-,-,6551.54
NIFTY MIDCAP150 QUALITY 50,19 May 2016,-,-,-,6577.6
NIFTY MIDCAP150 QUALITY 50,18 May 2016,-,-,-,6658.77
NIFTY MIDCAP150 QUALITY 50,17 May 2016,-,-,-,6652.36
NIFTY MIDCAP150 QUALITY 50,16 May 2016,-,-,-,6623.21
NIFTY MIDCAP150 QUALITY 50,13 May 2016,-,-,-,6620.22
NIFTY MIDCAP150 QUALITY 50,12 May 2016,-,-,-,6618.48
NIFTY MIDCAP150 QUALITY 50,11 May 2016,-,-,-,6571.45
NIFTY MIDCAP150 QUALITY 50,10 May 2016,-,-,-,6567.93
NIFTY MIDCAP150 QUALITY 50,09 May 2016,-,-,-,6566.84
NIFTY MIDCAP150 QUALITY 50,06 May 2016,-,-,-,6511.44
NIFTY MIDCAP150 QUALITY 50,05 May 2016,-,-,-,6485.98
NIFTY MIDCAP150 QUALITY 50,04 May 2016,-,-,-,6498.88
NIFTY MIDCAP150 QUALITY 50,03 May 2016,-,-,-,6538.85
NIFTY MIDCAP150 QUALITY 50,02 May 2016,-,-,-,6568.6
NIFTY MIDCAP150 QUALITY 50,29 Apr 2016,-,-,-,6545.94
NIFTY MIDCAP150 QUALITY 50,28 Apr 2016,-,-,-,6566.09
NIFTY MIDCAP150 QUALITY 50,27 Apr 2016,-,-,-,6643.19
NIFTY MIDCAP150 QUALITY 50,26 Apr 2016,-,-,-,6622.74
NIFTY MIDCAP150 QUALITY 50,25 Apr 2016,-,-,-,6561.48
NIFTY MIDCAP150 QUALITY 50,22 Apr 2016,-,-,-,6571.01
NIFTY MIDCAP150 QUALITY 50,21 Apr 2016,-,-,-,6579.85
NIFTY MIDCAP150 QUALITY 50,20 Apr 2016,-,-,-,6635.07
NIFTY MIDCAP150 QUALITY 50,18 Apr 2016,-,-,-,6558.39
NIFTY MIDCAP150 QUALITY 50,13 Apr 2016,-,-,-,6479.73
NIFTY MIDCAP150 QUALITY 50,12 Apr 2016,-,-,-,6426.2
NIFTY MIDCAP150 QUALITY 50,11 Apr 2016,-,-,-,6389.83
NIFTY MIDCAP150 QUALITY 50,08 Apr 2016,-,-,-,6357.34
NIFTY MIDCAP150 QUALITY 50,07 Apr 2016,-,-,-,6310.06
NIFTY MIDCAP150 QUALITY 50,06 Apr 2016,-,-,-,6319.14
NIFTY MIDCAP150 QUALITY 50,05 Apr 2016,-,-,-,6300.18
NIFTY MIDCAP150 QUALITY 50,04 Apr 2016,-,-,-,6354.13
NIFTY MIDCAP150 QUALITY 50,01 Apr 2016,-,-,-,6334.99
NIFTY MIDCAP150 QUALITY 50,31 Mar 2016,-,-,-,6316.15
NIFTY MIDCAP150 QUALITY 50,30 Mar 2016,-,-,-,6259.68
NIFTY MIDCAP150 QUALITY 50,29 Mar 2016,-,-,-,6168.14
NIFTY MIDCAP150 QUALITY 50,28 Mar 2016,-,-,-,6176.8
NIFTY MIDCAP150 QUALITY 50,23 Mar 2016,-,-,-,6259.45
NIFTY MIDCAP150 QUALITY 50,22 Mar 2016,-,-,-,6260.12
NIFTY MIDCAP150 QUALITY 50,21 Mar 2016,-,-,-,6258.6
NIFTY MIDCAP150 QUALITY 50,18 Mar 2016,-,-,-,6204.4
NIFTY MIDCAP150 QUALITY 50,17 Mar 2016,-,-,-,6150.73
NIFTY MIDCAP150 QUALITY 50,16 Mar 2016,-,-,-,6110.65
NIFTY MIDCAP150 QUALITY 50,15 Mar 2016,-,-,-,6117.6
NIFTY MIDCAP150 QUALITY 50,14 Mar 2016,-,-,-,6160.77
NIFTY MIDCAP150 QUALITY 50,11 Mar 2016,-,-,-,6102.37
NIFTY MIDCAP150 QUALITY 50,10 Mar 2016,-,-,-,6116.0
NIFTY MIDCAP150 QUALITY 50,09 Mar 2016,-,-,-,6122.23
NIFTY MIDCAP150 QUALITY 50,08 Mar 2016,-,-,-,6137.13
NIFTY MIDCAP150 QUALITY 50,04 Mar 2016,-,-,-,6130.27
NIFTY MIDCAP150 QUALITY 50,03 Mar 2016,-,-,-,6094.21
NIFTY MIDCAP150 QUALITY 50,02 Mar 2016,-,-,-,6057.53
NIFTY MIDCAP150 QUALITY 50,01 Mar 2016,-,-,-,5968.93
NIFTY MIDCAP150 QUALITY 50,29 Feb 2016,-,-,-,5833.36
NIFTY MIDCAP150 QUALITY 50,26 Feb 2016,-,-,-,5822.81
NIFTY MIDCAP150 QUALITY 50,25 Feb 2016,-,-,-,5830.72
NIFTY MIDCAP150 QUALITY 50,24 Feb 2016,-,-,-,5906.41
NIFTY MIDCAP150 QUALITY 50,23 Feb 2016,-,-,-,5927.75
NIFTY MIDCAP150 QUALITY 50,22 Feb 2016,-,-,-,5964.58
NIFTY MIDCAP150 QUALITY 50,19 Feb 2016,-,-,-,5947.75
NIFTY MIDCAP150 QUALITY 50,18 Feb 2016,-,-,-,5952.35
NIFTY MIDCAP150 QUALITY 50,17 Feb 2016,-,-,-,5903.17
NIFTY MIDCAP150 QUALITY 50,16 Feb 2016,-,-,-,5880.22
NIFTY MIDCAP150 QUALITY 50,15 Feb 2016,-,-,-,5988.3
NIFTY MIDCAP150 QUALITY 50,12 Feb 2016,-,-,-,5825.72
NIFTY MIDCAP150 QUALITY 50,11 Feb 2016,-,-,-,5860.73
NIFTY MIDCAP150 QUALITY 50,10 Feb 2016,-,-,-,6072.49
NIFTY MIDCAP150 QUALITY 50,09 Feb 2016,-,-,-,6143.68
NIFTY MIDCAP150 QUALITY 50,08 Feb 2016,-,-,-,6220.56
NIFTY MIDCAP150 QUALITY 50,05 Feb 2016,-,-,-,6219.35
NIFTY MIDCAP150 QUALITY 50,04 Feb 2016,-,-,-,6166.92
NIFTY MIDCAP150 QUALITY 50,03 Feb 2016,-,-,-,6191.18
NIFTY MIDCAP150 QUALITY 50,02 Feb 2016,-,-,-,6288.28
NIFTY MIDCAP150 QUALITY 50,01 Feb 2016,-,-,-,6310.73
NIFTY MIDCAP150 QUALITY 50,29 Jan 2016,-,-,-,6260.8
NIFTY MIDCAP150 QUALITY 50,28 Jan 2016,-,-,-,6179.4
NIFTY MIDCAP150 QUALITY 50,27 Jan 2016,-,-,-,6216.71
NIFTY MIDCAP150 QUALITY 50,25 Jan 2016,-,-,-,6208.34
NIFTY MIDCAP150 QUALITY 50,22 Jan 2016,-,-,-,6135.19
NIFTY MIDCAP150 QUALITY 50,21 Jan 2016,-,-,-,6035.57
NIFTY MIDCAP150 QUALITY 50,20 Jan 2016,-,-,-,6022.36
NIFTY MIDCAP150 QUALITY 50,19 Jan 2016,-,-,-,6112.04
NIFTY MIDCAP150 QUALITY 50,18 Jan 2016,-,-,-,6032.28
NIFTY MIDCAP150 QUALITY 50,15 Jan 2016,-,-,-,6193.37
NIFTY MIDCAP150 QUALITY 50,14 Jan 2016,-,-,-,6356.38
NIFTY MIDCAP150 QUALITY 50,13 Jan 2016,-,-,-,6416.8
NIFTY MIDCAP150 QUALITY 50,12 Jan 2016,-,-,-,6471.62
NIFTY MIDCAP150 QUALITY 50,11 Jan 2016,-,-,-,6520.84
NIFTY MIDCAP150 QUALITY 50,08 Jan 2016,-,-,-,6557.77
NIFTY MIDCAP150 QUALITY 50,07 Jan 2016,-,-,-,6487.55
NIFTY MIDCAP150 QUALITY 50,06 Jan 2016,-,-,-,6623.76
NIFTY MIDCAP150 QUALITY 50,05 Jan 2016,-,-,-,6657.97
NIFTY MIDCAP150 QUALITY 50,04 Jan 2016,-,-,-,6629.31
NIFTY MIDCAP150 QUALITY 50,01 Jan 2016,-,-,-,6688.87
NIFTY MIDCAP150 QUALITY 50,31 Dec 2015,-,-,-,6646.23
NIFTY MIDCAP150 QUALITY 50,30 Dec 2015,-,-,-,6606.37
NIFTY MIDCAP150 QUALITY 50,29 Dec 2015,-,-,-,6609.23
NIFTY MIDCAP150 QUALITY 50,28 Dec 2015,-,-,-,6605.09
NIFTY MIDCAP150 QUALITY 50,24 Dec 2015,-,-,-,6577.34
NIFTY MIDCAP150 QUALITY 50,23 Dec 2015,-,-,-,6539.23
NIFTY MIDCAP150 QUALITY 50,22 Dec 2015,-,-,-,6504.87
NIFTY MIDCAP150 QUALITY 50,21 Dec 2015,-,-,-,6510.87
NIFTY MIDCAP150 QUALITY 50,18 Dec 2015,-,-,-,6499.98
NIFTY MIDCAP150 QUALITY 50,17 Dec 2015,-,-,-,6530.49
NIFTY MIDCAP150 QUALITY 50,16 Dec 2015,-,-,-,6420.38
NIFTY MIDCAP150 QUALITY 50,15 Dec 2015,-,-,-,6402.87
NIFTY MIDCAP150 QUALITY 50,14 Dec 2015,-,-,-,6362.53
NIFTY MIDCAP150 QUALITY 50,11 Dec 2015,-,-,-,6350.27
NIFTY MIDCAP150 QUALITY 50,10 Dec 2015,-,-,-,6391.34
NIFTY MIDCAP150 QUALITY 50,09 Dec 2015,-,-,-,6345.51
NIFTY MIDCAP150 QUALITY 50,08 Dec 2015,-,-,-,6436.6
NIFTY MIDCAP150 QUALITY 50,07 Dec 2015,-,-,-,6478.01
NIFTY MIDCAP150 QUALITY 50,04 Dec 2015,-,-,-,6481.77
NIFTY MIDCAP150 QUALITY 50,03 Dec 2015,-,-,-,6514.76
NIFTY MIDCAP150 QUALITY 50,02 Dec 2015,-,-,-,6549.97
NIFTY MIDCAP150 QUALITY 50,01 Dec 2015,-,-,-,6556.25
NIFTY MIDCAP150 QUALITY 50,30 Nov 2015,-,-,-,6542.22
NIFTY MIDCAP150 QUALITY 50,27 Nov 2015,-,-,-,6551.46
NIFTY MIDCAP150 QUALITY 50,26 Nov 2015,-,-,-,6510.62
NIFTY MIDCAP150 QUALITY 50,24 Nov 2015,-,-,-,6506.72
NIFTY MIDCAP150 QUALITY 50,23 Nov 2015,-,-,-,6510.3
NIFTY MIDCAP150 QUALITY 50,20 Nov 2015,-,-,-,6493.74
NIFTY MIDCAP150 QUALITY 50,19 Nov 2015,-,-,-,6445.88
NIFTY MIDCAP150 QUALITY 50,18 Nov 2015,-,-,-,6365.64
NIFTY MIDCAP150 QUALITY 50,17 Nov 2015,-,-,-,6380.2
NIFTY MIDCAP150 QUALITY 50,16 Nov 2015,-,-,-,6339.95
NIFTY MIDCAP150 QUALITY 50,13 Nov 2015,-,-,-,6320.69
NIFTY MIDCAP150 QUALITY 50,11 Nov 2015,-,-,-,6397.36
NIFTY MIDCAP150 QUALITY 50,10 Nov 2015,-,-,-,6341.41
NIFTY MIDCAP150 QUALITY 50,09 Nov 2015,-,-,-,6385.95
NIFTY MIDCAP150 QUALITY 50,06 Nov 2015,-,-,-,6356.28
NIFTY MIDCAP150 QUALITY 50,05 Nov 2015,-,-,-,6404.14
NIFTY MIDCAP150 QUALITY 50,04 Nov 2015,-,-,-,6478.88
NIFTY MIDCAP150 QUALITY 50,03 Nov 2015,-,-,-,6506.89
NIFTY MIDCAP150 QUALITY 50,02 Nov 2015,-,-,-,6511.94
NIFTY MIDCAP150 QUALITY 50,30 Oct 2015,-,-,-,6565.49
NIFTY MIDCAP150 QUALITY 50,29 Oct 2015,-,-,-,6613.77
NIFTY MIDCAP150 QUALITY 50,28 Oct 2015,-,-,-,6605.26
NIFTY MIDCAP150 QUALITY 50,27 Oct 2015,-,-,-,6660.01
NIFTY MIDCAP150 QUALITY 50,26 Oct 2015,-,-,-,6655.14
NIFTY MIDCAP150 QUALITY 50,23 Oct 2015,-,-,-,6658.56
NIFTY MIDCAP150 QUALITY 50,21 Oct 2015,-,-,-,6678.57
NIFTY MIDCAP150 QUALITY 50,20 Oct 2015,-,-,-,6666.17
NIFTY MIDCAP150 QUALITY 50,19 Oct 2015,-,-,-,6654.5
NIFTY MIDCAP150 QUALITY 50,16 Oct 2015,-,-,-,6608.25
NIFTY MIDCAP150 QUALITY 50,15 Oct 2015,-,-,-,6619.08
NIFTY MIDCAP150 QUALITY 50,14 Oct 2015,-,-,-,6606.23
NIFTY MIDCAP150 QUALITY 50,13 Oct 2015,-,-,-,6584.77
NIFTY MIDCAP150 QUALITY 50,12 Oct 2015,-,-,-,6582.05
NIFTY MIDCAP150 QUALITY 50,09 Oct 2015,-,-,-,6578.81
NIFTY MIDCAP150 QUALITY 50,08 Oct 2015,-,-,-,6565.53
NIFTY MIDCAP150 QUALITY 50,07 Oct 2015,-,-,-,6596.13
NIFTY MIDCAP150 QUALITY 50,06 Oct 2015,-,-,-,6600.04
NIFTY MIDCAP150 QUALITY 50,05 Oct 2015,-,-,-,6568.89
NIFTY MIDCAP150 QUALITY 50,01 Oct 2015,-,-,-,6495.24
NIFTY MIDCAP150 QUALITY 50,30 Sep 2015,-,-,-,6480.49
NIFTY MIDCAP150 QUALITY 50,29 Sep 2015,-,-,-,6403.89
NIFTY MIDCAP150 QUALITY 50,28 Sep 2015,-,-,-,6420.37
NIFTY MIDCAP150 QUALITY 50,24 Sep 2015,-,-,-,6435.32
NIFTY MIDCAP150 QUALITY 50,23 Sep 2015,-,-,-,6381.71
NIFTY MIDCAP150 QUALITY 50,22 Sep 2015,-,-,-,6384.24
NIFTY MIDCAP150 QUALITY 50,21 Sep 2015,-,-,-,6449.58
NIFTY MIDCAP150 QUALITY 50,18 Sep 2015,-,-,-,6421.71
NIFTY MIDCAP150 QUALITY 50,16 Sep 2015,-,-,-,6353.9
NIFTY MIDCAP150 QUALITY 50,15 Sep 2015,-,-,-,6416.3
NIFTY MIDCAP150 QUALITY 50,14 Sep 2015,-,-,-,6435.65
NIFTY MIDCAP150 QUALITY 50,11 Sep 2015,-,-,-,6384.27
NIFTY MIDCAP150 QUALITY 50,10 Sep 2015,-,-,-,6370.83
NIFTY MIDCAP150 QUALITY 50,09 Sep 2015,-,-,-,6454.37
NIFTY MIDCAP150 QUALITY 50,08 Sep 2015,-,-,-,6372.25
NIFTY MIDCAP150 QUALITY 50,07 Sep 2015,-,-,-,6368.08
NIFTY MIDCAP150 QUALITY 50,04 Sep 2015,-,-,-,6467.69
NIFTY MIDCAP150 QUALITY 50,03 Sep 2015,-,-,-,6569.12
NIFTY MIDCAP150 QUALITY 50,02 Sep 2015,-,-,-,6524.19
NIFTY MIDCAP150 QUALITY 50,01 Sep 2015,-,-,-,6495.12
NIFTY MIDCAP150 QUALITY 50,31 Aug 2015,-,-,-,6562.87
NIFTY MIDCAP150 QUALITY 50,28 Aug 2015,-,-,-,6572.78
NIFTY MIDCAP150 QUALITY 50,27 Aug 2015,-,-,-,6578.64
NIFTY MIDCAP150 QUALITY 50,26 Aug 2015,-,-,-,6456.68
NIFTY MIDCAP150 QUALITY 50,25 Aug 2015,-,-,-,6476.9
NIFTY MIDCAP150 QUALITY 50,24 Aug 2015,-,-,-,6355.77
NIFTY MIDCAP150 QUALITY 50,21 Aug 2015,-,-,-,6848.46
NIFTY MIDCAP150 QUALITY 50,20 Aug 2015,-,-,-,6895.79
NIFTY MIDCAP150 QUALITY 50,19 Aug 2015,-,-,-,6970.99
NIFTY MIDCAP150 QUALITY 50,18 Aug 2015,-,-,-,6972.32
NIFTY MIDCAP150 QUALITY 50,17 Aug 2015,-,-,-,6963.31
NIFTY MIDCAP150 QUALITY 50,14 Aug 2015,-,-,-,6923.84
NIFTY MIDCAP150 QUALITY 50,13 Aug 2015,-,-,-,6809.07
NIFTY MIDCAP150 QUALITY 50,12 Aug 2015,-,-,-,6831.78
NIFTY MIDCAP150 QUALITY 50,11 Aug 2015,-,-,-,6958.79
NIFTY MIDCAP150 QUALITY 50,10 Aug 2015,-,-,-,6995.97
NIFTY MIDCAP150 QUALITY 50,07 Aug 2015,-,-,-,7023.21
NIFTY MIDCAP150 QUALITY 50,06 Aug 2015,-,-,-,7035.52
NIFTY MIDCAP150 QUALITY 50,05 Aug 2015,-,-,-,7027.53
NIFTY MIDCAP150 QUALITY 50,04 Aug 2015,-,-,-,6974.99
NIFTY MIDCAP150 QUALITY 50,03 Aug 2015,-,-,-,6929.46
NIFTY MIDCAP150 QUALITY 50,31 Jul 2015,-,-,-,6869.91
NIFTY MIDCAP150 QUALITY 50,30 Jul 2015,-,-,-,6803.94
NIFTY MIDCAP150 QUALITY 50,29 Jul 2015,-,-,-,6749.91
NIFTY MIDCAP150 QUALITY 50,28 Jul 2015,-,-,-,6682.56
NIFTY MIDCAP150 QUALITY 50,27 Jul 2015,-,-,-,6719.15
NIFTY MIDCAP150 QUALITY 50,24 Jul 2015,-,-,-,6802.48
NIFTY MIDCAP150 QUALITY 50,23 Jul 2015,-,-,-,6832.31
NIFTY MIDCAP150 QUALITY 50,22 Jul 2015,-,-,-,6821.58
NIFTY MIDCAP150 QUALITY 50,21 Jul 2015,-,-,-,6805.7
NIFTY MIDCAP150 QUALITY 50,20 Jul 2015,-,-,-,6886.91
NIFTY MIDCAP150 QUALITY 50,17 Jul 2015,-,-,-,6865.78
NIFTY MIDCAP150 QUALITY 50,16 Jul 2015,-,-,-,6857.04
NIFTY MIDCAP150 QUALITY 50,15 Jul 2015,-,-,-,6827.81
NIFTY MIDCAP150 QUALITY 50,14 Jul 2015,-,-,-,6801.64
NIFTY MIDCAP150 QUALITY 50,13 Jul 2015,-,-,-,6788.86
NIFTY MIDCAP150 QUALITY 50,10 Jul 2015,-,-,-,6744.41
NIFTY MIDCAP150 QUALITY 50,09 Jul 2015,-,-,-,6766.54
NIFTY MIDCAP150 QUALITY 50,08 Jul 2015,-,-,-,6806.32
NIFTY MIDCAP150 QUALITY 50,07 Jul 2015,-,-,-,6888.35
NIFTY MIDCAP150 QUALITY 50,06 Jul 2015,-,-,-,6835.91
NIFTY MIDCAP150 QUALITY 50,03 Jul 2015,-,-,-,6813.65
NIFTY MIDCAP150 QUALITY 50,02 Jul 2015,-,-,-,6822.45
NIFTY MIDCAP150 QUALITY 50,01 Jul 2015,-,-,-,6787.89
NIFTY MIDCAP150 QUALITY 50,30 Jun 2015,-,-,-,6719.31
NIFTY MIDCAP150 QUALITY 50,29 Jun 2015,-,-,-,6667.44
NIFTY MIDCAP150 QUALITY 50,26 Jun 2015,-,-,-,6770.43
NIFTY MIDCAP150 QUALITY 50,25 Jun 2015,-,-,-,6751.86
NIFTY MIDCAP150 QUALITY 50,24 Jun 2015,-,-,-,6730.64
NIFTY MIDCAP150 QUALITY 50,23 Jun 2015,-,-,-,6754.21
NIFTY MIDCAP150 QUALITY 50,22 Jun 2015,-,-,-,6712.49
NIFTY MIDCAP150 QUALITY 50,19 Jun 2015,-,-,-,6633.19
NIFTY MIDCAP150 QUALITY 50,18 Jun 2015,-,-,-,6615.21
NIFTY MIDCAP150 QUALITY 50,17 Jun 2015,-,-,-,6518.83
NIFTY MIDCAP150 QUALITY 50,16 Jun 2015,-,-,-,6425.52
NIFTY MIDCAP150 QUALITY 50,15 Jun 2015,-,-,-,6414.11
NIFTY MIDCAP150 QUALITY 50,12 Jun 2015,-,-,-,6403.49
NIFTY MIDCAP150 QUALITY 50,11 Jun 2015,-,-,-,6430.61
NIFTY MIDCAP150 QUALITY 50,10 Jun 2015,-,-,-,6527.43
NIFTY MIDCAP150 QUALITY 50,09 Jun 2015,-,-,-,6475.94
NIFTY MIDCAP150 QUALITY 50,08 Jun 2015,-,-,-,6480.66
NIFTY MIDCAP150 QUALITY 50,05 Jun 2015,-,-,-,6611.49
NIFTY MIDCAP150 QUALITY 50,04 Jun 2015,-,-,-,6600.24
NIFTY MIDCAP150 QUALITY 50,03 Jun 2015,-,-,-,6570.92
NIFTY MIDCAP150 QUALITY 50,02 Jun 2015,-,-,-,6633.49
NIFTY MIDCAP150 QUALITY 50,01 Jun 2015,-,-,-,6780.65
NIFTY MIDCAP150 QUALITY 50,29 May 2015,-,-,-,6763.24
NIFTY MIDCAP150 QUALITY 50,28 May 2015,-,-,-,6665.56
NIFTY MIDCAP150 QUALITY 50,27 May 2015,-,-,-,6660.69
NIFTY MIDCAP150 QUALITY 50,26 May 2015,-,-,-,6660.99
NIFTY MIDCAP150 QUALITY 50,25 May 2015,-,-,-,6656.48
NIFTY MIDCAP150 QUALITY 50,22 May 2015,-,-,-,6655.91
NIFTY MIDCAP150 QUALITY 50,21 May 2015,-,-,-,6618.07
NIFTY MIDCAP150 QUALITY 50,20 May 2015,-,-,-,6612.75
NIFTY MIDCAP150 QUALITY 50,19 May 2015,-,-,-,6597.39
NIFTY MIDCAP150 QUALITY 50,18 May 2015,-,-,-,6592.62
NIFTY MIDCAP150 QUALITY 50,15 May 2015,-,-,-,6545.23
NIFTY MIDCAP150 QUALITY 50,14 May 2015,-,-,-,6526.84
NIFTY MIDCAP150 QUALITY 50,13 May 2015,-,-,-,6460.65
NIFTY MIDCAP150 QUALITY 50,12 May 2015,-,-,-,6423.61
NIFTY MIDCAP150 QUALITY 50,11 May 2015,-,-,-,6480.54
NIFTY MIDCAP150 QUALITY 50,08 May 2015,-,-,-,6408.01
NIFTY MIDCAP150 QUALITY 50,07 May 2015,-,-,-,6364.62
NIFTY MIDCAP150 QUALITY 50,06 May 2015,-,-,-,6416.09
NIFTY MIDCAP150 QUALITY 50,05 May 2015,-,-,-,6534.97
NIFTY MIDCAP150 QUALITY 50,04 May 2015,-,-,-,6523.16
NIFTY MIDCAP150 QUALITY 50,30 Apr 2015,-,-,-,6454.12
NIFTY MIDCAP150 QUALITY 50,29 Apr 2015,-,-,-,6476.48
NIFTY MIDCAP150 QUALITY 50,28 Apr 2015,-,-,-,6377.33
NIFTY MIDCAP150 QUALITY 50,27 Apr 2015,-,-,-,6332.58
NIFTY MIDCAP150 QUALITY 50,24 Apr 2015,-,-,-,6459.43
NIFTY MIDCAP150 QUALITY 50,23 Apr 2015,-,-,-,6561.87
NIFTY MIDCAP150 QUALITY 50,22 Apr 2015,-,-,-,6570.14
NIFTY MIDCAP150 QUALITY 50,21 Apr 2015,-,-,-,6568.41
NIFTY MIDCAP150 QUALITY 50,20 Apr 2015,-,-,-,6607.66
NIFTY MIDCAP150 QUALITY 50,17 Apr 2015,-,-,-,6735.35
NIFTY MIDCAP150 QUALITY 50,16 Apr 2015,-,-,-,6848.71
NIFTY MIDCAP150 QUALITY 50,15 Apr 2015,-,-,-,6889.76
NIFTY MIDCAP150 QUALITY 50,13 Apr 2015,-,-,-,6917.88
NIFTY MIDCAP150 QUALITY 50,10 Apr 2015,-,-,-,6896.05
NIFTY MIDCAP150 QUALITY 50,09 Apr 2015,-,-,-,6858.27
NIFTY MIDCAP150 QUALITY 50,08 Apr 2015,-,-,-,6841.23
NIFTY MIDCAP150 QUALITY 50,07 Apr 2015,-,-,-,6802.63
NIFTY MIDCAP150 QUALITY 50,06 Apr 2015,-,-,-,6790.97
NIFTY MIDCAP150 QUALITY 50,01 Apr 2015,-,-,-,6753.82
NIFTY MIDCAP150 QUALITY 50,31 Mar 2015,-,-,-,6679.07
NIFTY MIDCAP150 QUALITY 50,30 Mar 2015,-,-,-,6679.89
NIFTY MIDCAP150 QUALITY 50,27 Mar 2015,-,-,-,6614.77
NIFTY MIDCAP150 QUALITY 50,26 Mar 2015,-,-,-,6625.74
NIFTY MIDCAP150 QUALITY 50,25 Mar 2015,-,-,-,6642.89
NIFTY MIDCAP150 QUALITY 50,24 Mar 2015,-,-,-,6668.23
NIFTY MIDCAP150 QUALITY 50,23 Mar 2015,-,-,-,6698.97
NIFTY MIDCAP150 QUALITY 50,20 Mar 2015,-,-,-,6754.24
NIFTY MIDCAP150 QUALITY 50,19 Mar 2015,-,-,-,6799.72
NIFTY MIDCAP150 QUALITY 50,18 Mar 2015,-,-,-,6807.9
NIFTY MIDCAP150 QUALITY 50,17 Mar 2015,-,-,-,6801.4
NIFTY MIDCAP150 QUALITY 50,16 Mar 2015,-,-,-,6756.43
NIFTY MIDCAP150 QUALITY 50,13 Mar 2015,-,-,-,6767.19
NIFTY MIDCAP150 QUALITY 50,12 Mar 2015,-,-,-,6846.44
NIFTY MIDCAP150 QUALITY 50,11 Mar 2015,-,-,-,6752.78
NIFTY MIDCAP150 QUALITY 50,10 Mar 2015,-,-,-,6771.58
NIFTY MIDCAP150 QUALITY 50,09 Mar 2015,-,-,-,6789.32
NIFTY MIDCAP150 QUALITY 50,05 Mar 2015,-,-,-,6816.89
NIFTY MIDCAP150 QUALITY 50,04 Mar 2015,-,-,-,6756.71
NIFTY MIDCAP150 QUALITY 50,03 Mar 2015,-,-,-,6794.35
NIFTY MIDCAP150 QUALITY 50,02 Mar 2015,-,-,-,6704.51
NIFTY MIDCAP150 QUALITY 50,28 Feb 2015,-,-,-,6627.28
NIFTY MIDCAP150 QUALITY 50,27 Feb 2015,-,-,-,6616.15
NIFTY MIDCAP150 QUALITY 50,26 Feb 2015,-,-,-,6513.82
NIFTY MIDCAP150 QUALITY 50,25 Feb 2015,-,-,-,6574.99
NIFTY MIDCAP150 QUALITY 50,24 Feb 2015,-,-,-,6595.13
NIFTY MIDCAP150 QUALITY 50,23 Feb 2015,-,-,-,6604.59
NIFTY MIDCAP150 QUALITY 50,20 Feb 2015,-,-,-,6667.36
NIFTY MIDCAP150 QUALITY 50,19 Feb 2015,-,-,-,6678.25
NIFTY MIDCAP150 QUALITY 50,18 Feb 2015,-,-,-,6698.13
NIFTY MIDCAP150 QUALITY 50,16 Feb 2015,-,-,-,6658.14
NIFTY MIDCAP150 QUALITY 50,13 Feb 2015,-,-,-,6635.92
NIFTY MIDCAP150 QUALITY 50,12 Feb 2015,-,-,-,6567.34
NIFTY MIDCAP150 QUALITY 50,11 Feb 2015,-,-,-,6502.0
NIFTY MIDCAP150 QUALITY 50,10 Feb 2015,-,-,-,6411.75
NIFTY MIDCAP150 QUALITY 50,09 Feb 2015,-,-,-,6350.94
NIFTY MIDCAP150 QUALITY 50,06 Feb 2015,-,-,-,6451.32
NIFTY MIDCAP150 QUALITY 50,05 Feb 2015,-,-,-,6522.21
NIFTY MIDCAP150 QUALITY 50,04 Feb 2015,-,-,-,6577.59
NIFTY MIDCAP150 QUALITY 50,03 Feb 2015,-,-,-,6598.72
NIFTY MIDCAP150 QUALITY 50,02 Feb 2015,-,-,-,6563.98
NIFTY MIDCAP150 QUALITY 50,30 Jan 2015,-,-,-,6558.21
NIFTY MIDCAP150 QUALITY 50,29 Jan 2015,-,-,-,6612.11
NIFTY MIDCAP150 QUALITY 50,28 Jan 2015,-,-,-,6679.06
NIFTY MIDCAP150 QUALITY 50,27 Jan 2015,-,-,-,6620.11
NIFTY MIDCAP150 QUALITY 50,23 Jan 2015,-,-,-,6588.06
NIFTY MIDCAP150 QUALITY 50,22 Jan 2015,-,-,-,6611.81
NIFTY MIDCAP150 QUALITY 50,21 Jan 2015,-,-,-,6573.1
NIFTY MIDCAP150 QUALITY 50,20 Jan 2015,-,-,-,6561.13
NIFTY MIDCAP150 QUALITY 50,19 Jan 2015,-,-,-,6569.23
NIFTY MIDCAP150 QUALITY 50,16 Jan 2015,-,-,-,6562.2
NIFTY MIDCAP150 QUALITY 50,15 Jan 2015,-,-,-,6535.41
NIFTY MIDCAP150 QUALITY 50,14 Jan 2015,-,-,-,6497.67
NIFTY MIDCAP150 QUALITY 50,13 Jan 2015,-,-,-,6485.34
NIFTY MIDCAP150 QUALITY 50,12 Jan 2015,-,-,-,6462.36
NIFTY MIDCAP150 QUALITY 50,09 Jan 2015,-,-,-,6460.74
NIFTY MIDCAP150 QUALITY 50,08 Jan 2015,-,-,-,6436.14
NIFTY MIDCAP150 QUALITY 50,07 Jan 2015,-,-,-,6358.83
NIFTY MIDCAP150 QUALITY 50,06 Jan 2015,-,-,-,6330.65
NIFTY MIDCAP150 QUALITY 50,05 Jan 2015,-,-,-,6484.2
NIFTY MIDCAP150 QUALITY 50,02 Jan 2015,-,-,-,6482.93
NIFTY MIDCAP150 QUALITY 50,01 Jan 2015,-,-,-,6419.88
NIFTY MIDCAP150 QUALITY 50,31 Dec 2014,-,-,-,6369.98
NIFTY MIDCAP150 QUALITY 50,30 Dec 2014,-,-,-,6317.75
NIFTY MIDCAP150 QUALITY 50,29 Dec 2014,-,-,-,6289.24
NIFTY MIDCAP150 QUALITY 50,26 Dec 2014,-,-,-,6248.61
NIFTY MIDCAP150 QUALITY 50,24 Dec 2014,-,-,-,6222.71
NIFTY MIDCAP150 QUALITY 50,23 Dec 2014,-,-,-,6243.33
NIFTY MIDCAP150 QUALITY 50,22 Dec 2014,-,-,-,6232.43
NIFTY MIDCAP150 QUALITY 50,19 Dec 2014,-,-,-,6157.53
NIFTY MIDCAP150 QUALITY 50,18 Dec 2014,-,-,-,6141.23
NIFTY MIDCAP150 QUALITY 50,17 Dec 2014,-,-,-,6004.07
NIFTY MIDCAP150 QUALITY 50,16 Dec 2014,-,-,-,6028.02
NIFTY MIDCAP150 QUALITY 50,15 Dec 2014,-,-,-,6198.91
NIFTY MIDCAP150 QUALITY 50,12 Dec 2014,-,-,-,6239.21
NIFTY MIDCAP150 QUALITY 50,11 Dec 2014,-,-,-,6260.93
NIFTY MIDCAP150 QUALITY 50,10 Dec 2014,-,-,-,6281.16
NIFTY MIDCAP150 QUALITY 50,09 Dec 2014,-,-,-,6248.66
NIFTY MIDCAP150 QUALITY 50,08 Dec 2014,-,-,-,6319.96
NIFTY MIDCAP150 QUALITY 50,05 Dec 2014,-,-,-,6376.03
NIFTY MIDCAP150 QUALITY 50,04 Dec 2014,-,-,-,6412.68
NIFTY MIDCAP150 QUALITY 50,03 Dec 2014,-,-,-,6376.06
NIFTY MIDCAP150 QUALITY 50,02 Dec 2014,-,-,-,6268.97
NIFTY MIDCAP150 QUALITY 50,01 Dec 2014,-,-,-,6221.88
NIFTY MIDCAP150 QUALITY 50,28 Nov 2014,-,-,-,6212.4
NIFTY MIDCAP150 QUALITY 50,27 Nov 2014,-,-,-,6168.43
NIFTY MIDCAP150 QUALITY 50,26 Nov 2014,-,-,-,6120.19
NIFTY MIDCAP150 QUALITY 50,25 Nov 2014,-,-,-,6093.78
NIFTY MIDCAP150 QUALITY 50,24 Nov 2014,-,-,-,6146.07
NIFTY MIDCAP150 QUALITY 50,21 Nov 2014,-,-,-,6153.9
NIFTY MIDCAP150 QUALITY 50,20 Nov 2014,-,-,-,6160.62
NIFTY MIDCAP150 QUALITY 50,19 Nov 2014,-,-,-,6177.19
NIFTY MIDCAP150 QUALITY 50,18 Nov 2014,-,-,-,6164.61
NIFTY MIDCAP150 QUALITY 50,17 Nov 2014,-,-,-,6153.41
NIFTY MIDCAP150 QUALITY 50,14 Nov 2014,-,-,-,6113.35
NIFTY MIDCAP150 QUALITY 50,13 Nov 2014,-,-,-,6084.66
NIFTY MIDCAP150 QUALITY 50,12 Nov 2014,-,-,-,6096.75
NIFTY MIDCAP150 QUALITY 50,11 Nov 2014,-,-,-,6054.48
NIFTY MIDCAP150 QUALITY 50,10 Nov 2014,-,-,-,6024.49
NIFTY MIDCAP150 QUALITY 50,07 Nov 2014,-,-,-,6016.69
NIFTY MIDCAP150 QUALITY 50,05 Nov 2014,-,-,-,5982.13
NIFTY MIDCAP150 QUALITY 50,03 Nov 2014,-,-,-,5955.54
NIFTY MIDCAP150 QUALITY 50,31 Oct 2014,-,-,-,5940.9
NIFTY MIDCAP150 QUALITY 50,30 Oct 2014,-,-,-,5887.07
NIFTY MIDCAP150 QUALITY 50,29 Oct 2014,-,-,-,5857.49
NIFTY MIDCAP150 QUALITY 50,28 Oct 2014,-,-,-,5819.15
NIFTY MIDCAP150 QUALITY 50,27 Oct 2014,-,-,-,5797.54
NIFTY MIDCAP150 QUALITY 50,23 Oct 2014,-,-,-,5834.58
NIFTY MIDCAP150 QUALITY 50,22 Oct 2014,-,-,-,5760.79
NIFTY MIDCAP150 QUALITY 50,21 Oct 2014,-,-,-,5688.76
NIFTY MIDCAP150 QUALITY 50,20 Oct 2014,-,-,-,5648.76
NIFTY MIDCAP150 QUALITY 50,17 Oct 2014,-,-,-,5615.74
NIFTY MIDCAP150 QUALITY 50,16 Oct 2014,-,-,-,5626.62
NIFTY MIDCAP150 QUALITY 50,14 Oct 2014,-,-,-,5723.05
NIFTY MIDCAP150 QUALITY 50,13 Oct 2014,-,-,-,5751.67
NIFTY MIDCAP150 QUALITY 50,10 Oct 2014,-,-,-,5727.13
NIFTY MIDCAP150 QUALITY 50,09 Oct 2014,-,-,-,5806.73
NIFTY MIDCAP150 QUALITY 50,08 Oct 2014,-,-,-,5709.0
NIFTY MIDCAP150 QUALITY 50,07 Oct 2014,-,-,-,5733.85
NIFTY MIDCAP150 QUALITY 50,01 Oct 2014,-,-,-,5809.75
NIFTY MIDCAP150 QUALITY 50,30 Sep 2014,-,-,-,5789.17
NIFTY MIDCAP150 QUALITY 50,29 Sep 2014,-,-,-,5793.4
NIFTY MIDCAP150 QUALITY 50,26 Sep 2014,-,-,-,5742.47
NIFTY MIDCAP150 QUALITY 50,25 Sep 2014,-,-,-,5703.09
NIFTY MIDCAP150 QUALITY 50,24 Sep 2014,-,-,-,5787.07
NIFTY MIDCAP150 QUALITY 50,23 Sep 2014,-,-,-,5815.87
NIFTY MIDCAP150 QUALITY 50,22 Sep 2014,-,-,-,5869.62
NIFTY MIDCAP150 QUALITY 50,19 Sep 2014,-,-,-,5873.55
NIFTY MIDCAP150 QUALITY 50,18 Sep 2014,-,-,-,5840.07
NIFTY MIDCAP150 QUALITY 50,17 Sep 2014,-,-,-,5795.38
NIFTY MIDCAP150 QUALITY 50,16 Sep 2014,-,-,-,5797.49
NIFTY MIDCAP150 QUALITY 50,15 Sep 2014,-,-,-,5949.94
NIFTY MIDCAP150 QUALITY 50,12 Sep 2014,-,-,-,5926.71
NIFTY MIDCAP150 QUALITY 50,11 Sep 2014,-,-,-,5862.63
NIFTY MIDCAP150 QUALITY 50,10 Sep 2014,-,-,-,5778.14
NIFTY MIDCAP150 QUALITY 50,09 Sep 2014,-,-,-,5776.81
NIFTY MIDCAP150 QUALITY 50,08 Sep 2014,-,-,-,5757.54
NIFTY MIDCAP150 QUALITY 50,05 Sep 2014,-,-,-,5706.11
NIFTY MIDCAP150 QUALITY 50,04 Sep 2014,-,-,-,5689.36
NIFTY MIDCAP150 QUALITY 50,03 Sep 2014,-,-,-,5667.1
NIFTY MIDCAP150 QUALITY 50,02 Sep 2014,-,-,-,5603.05
NIFTY MIDCAP150 QUALITY 50,01 Sep 2014,-,-,-,5577.81
NIFTY MIDCAP150 QUALITY 50,28 Aug 2014,-,-,-,5499.06
NIFTY MIDCAP150 QUALITY 50,27 Aug 2014,-,-,-,5510.46
NIFTY MIDCAP150 QUALITY 50,26 Aug 2014,-,-,-,5455.79
NIFTY MIDCAP150 QUALITY 50,25 Aug 2014,-,-,-,5422.68
NIFTY MIDCAP150 QUALITY 50,22 Aug 2014,-,-,-,5467.47
NIFTY MIDCAP150 QUALITY 50,21 Aug 2014,-,-,-,5475.83
NIFTY MIDCAP150 QUALITY 50,20 Aug 2014,-,-,-,5436.8
NIFTY MIDCAP150 QUALITY 50,19 Aug 2014,-,-,-,5439.33
NIFTY MIDCAP150 QUALITY 50,18 Aug 2014,-,-,-,5380.23
NIFTY MIDCAP150 QUALITY 50,14 Aug 2014,-,-,-,5294.99
NIFTY MIDCAP150 QUALITY 50,13 Aug 2014,-,-,-,5236.61
NIFTY MIDCAP150 QUALITY 50,12 Aug 2014,-,-,-,5281.58
NIFTY MIDCAP150 QUALITY 50,11 Aug 2014,-,-,-,5239.79
NIFTY MIDCAP150 QUALITY 50,08 Aug 2014,-,-,-,5209.37
NIFTY MIDCAP150 QUALITY 50,07 Aug 2014,-,-,-,5287.7
NIFTY MIDCAP150 QUALITY 50,06 Aug 2014,-,-,-,5320.59
NIFTY MIDCAP150 QUALITY 50,05 Aug 2014,-,-,-,5319.39
NIFTY MIDCAP150 QUALITY 50,04 Aug 2014,-,-,-,5269.74
NIFTY MIDCAP150 QUALITY 50,01 Aug 2014,-,-,-,5263.8
NIFTY MIDCAP150 QUALITY 50,31 Jul 2014,-,-,-,5303.4
NIFTY MIDCAP150 QUALITY 50,30 Jul 2014,-,-,-,5279.59
NIFTY MIDCAP150 QUALITY 50,28 Jul 2014,-,-,-,5277.27
NIFTY MIDCAP150 QUALITY 50,25 Jul 2014,-,-,-,5302.18
NIFTY MIDCAP150 QUALITY 50,24 Jul 2014,-,-,-,5347.83
NIFTY MIDCAP150 QUALITY 50,23 Jul 2014,-,-,-,5381.25
NIFTY MIDCAP150 QUALITY 50,22 Jul 2014,-,-,-,5367.6
NIFTY MIDCAP150 QUALITY 50,21 Jul 2014,-,-,-,5363.44
NIFTY MIDCAP150 QUALITY 50,18 Jul 2014,-,-,-,5352.66
NIFTY MIDCAP150 QUALITY 50,17 Jul 2014,-,-,-,5361.99
NIFTY MIDCAP150 QUALITY 50,16 Jul 2014,-,-,-,5292.34
NIFTY MIDCAP150 QUALITY 50,15 Jul 2014,-,-,-,5248.98
NIFTY MIDCAP150 QUALITY 50,14 Jul 2014,-,-,-,5165.66
NIFTY MIDCAP150 QUALITY 50,11 Jul 2014,-,-,-,5186.38
NIFTY MIDCAP150 QUALITY 50,10 Jul 2014,-,-,-,5267.55
NIFTY MIDCAP150 QUALITY 50,09 Jul 2014,-,-,-,5264.74
NIFTY MIDCAP150 QUALITY 50,08 Jul 2014,-,-,-,5319.33
NIFTY MIDCAP150 QUALITY 50,07 Jul 2014,-,-,-,5478.0
NIFTY MIDCAP150 QUALITY 50,04 Jul 2014,-,-,-,5449.19
NIFTY MIDCAP150 QUALITY 50,03 Jul 2014,-,-,-,5412.89
NIFTY MIDCAP150 QUALITY 50,02 Jul 2014,-,-,-,5394.04
NIFTY MIDCAP150 QUALITY 50,01 Jul 2014,-,-,-,5339.33
NIFTY MIDCAP150 QUALITY 50,30 Jun 2014,-,-,-,5295.77
NIFTY MIDCAP150 QUALITY 50,27 Jun 2014,-,-,-,5213.65
NIFTY MIDCAP150 QUALITY 50,26 Jun 2014,-,-,-,5177.67
NIFTY MIDCAP150 QUALITY 50,25 Jun 2014,-,-,-,5162.72
NIFTY MIDCAP150 QUALITY 50,24 Jun 2014,-,-,-,5127.81
NIFTY MIDCAP150 QUALITY 50,23 Jun 2014,-,-,-,5066.15
NIFTY MIDCAP150 QUALITY 50,20 Jun 2014,-,-,-,5026.48
NIFTY MIDCAP150 QUALITY 50,19 Jun 2014,-,-,-,5059.7
NIFTY MIDCAP150 QUALITY 50,18 Jun 2014,-,-,-,5089.95
NIFTY MIDCAP150 QUALITY 50,17 Jun 2014,-,-,-,5109.61
NIFTY MIDCAP150 QUALITY 50,16 Jun 2014,-,-,-,5040.58
NIFTY MIDCAP150 QUALITY 50,13 Jun 2014,-,-,-,5025.56
NIFTY MIDCAP150 QUALITY 50,12 Jun 2014,-,-,-,5113.73
NIFTY MIDCAP150 QUALITY 50,11 Jun 2014,-,-,-,5068.42
NIFTY MIDCAP150 QUALITY 50,10 Jun 2014,-,-,-,5082.61
NIFTY MIDCAP150 QUALITY 50,09 Jun 2014,-,-,-,5072.44
NIFTY MIDCAP150 QUALITY 50,06 Jun 2014,-,-,-,5018.07
NIFTY MIDCAP150 QUALITY 50,05 Jun 2014,-,-,-,4938.7
NIFTY MIDCAP150 QUALITY 50,04 Jun 2014,-,-,-,4893.22
NIFTY MIDCAP150 QUALITY 50,03 Jun 2014,-,-,-,4844.26
NIFTY MIDCAP150 QUALITY 50,02 Jun 2014,-,-,-,4820.01
NIFTY MIDCAP150 QUALITY 50,30 May 2014,-,-,-,4726.41
NIFTY MIDCAP150 QUALITY 50,29 May 2014,-,-,-,4713.27
NIFTY MIDCAP150 QUALITY 50,28 May 2014,-,-,-,4711.3
NIFTY MIDCAP150 QUALITY 50,27 May 2014,-,-,-,4703.86
NIFTY MIDCAP150 QUALITY 50,26 May 2014,-,-,-,4716.85
NIFTY MIDCAP150 QUALITY 50,23 May 2014,-,-,-,4759.24
NIFTY MIDCAP150 QUALITY 50,22 May 2014,-,-,-,4688.41
NIFTY MIDCAP150 QUALITY 50,21 May 2014,-,-,-,4614.14
NIFTY MIDCAP150 QUALITY 50,20 May 2014,-,-,-,4582.1
NIFTY MIDCAP150 QUALITY 50,19 May 2014,-,-,-,4522.89
NIFTY MIDCAP150 QUALITY 50,16 May 2014,-,-,-,4415.54
NIFTY MIDCAP150 QUALITY 50,15 May 2014,-,-,-,4397.52
NIFTY MIDCAP150 QUALITY 50,14 May 2014,-,-,-,4439.55
NIFTY MIDCAP150 QUALITY 50,13 May 2014,-,-,-,4399.29
NIFTY MIDCAP150 QUALITY 50,12 May 2014,-,-,-,4356.04
NIFTY MIDCAP150 QUALITY 50,09 May 2014,-,-,-,4333.58
NIFTY MIDCAP150 QUALITY 50,08 May 2014,-,-,-,4277.03
NIFTY MIDCAP150 QUALITY 50,07 May 2014,-,-,-,4288.7
NIFTY MIDCAP150 QUALITY 50,06 May 2014,-,-,-,4308.33
NIFTY MIDCAP150 QUALITY 50,05 May 2014,-,-,-,4305.28
NIFTY MIDCAP150 QUALITY 50,02 May 2014,-,-,-,4310.67
NIFTY MIDCAP150 QUALITY 50,30 Apr 2014,-,-,-,4309.29
NIFTY MIDCAP150 QUALITY 50,29 Apr 2014,-,-,-,4330.48
NIFTY MIDCAP150 QUALITY 50,28 Apr 2014,-,-,-,4350.98
NIFTY MIDCAP150 QUALITY 50,25 Apr 2014,-,-,-,4319.61
NIFTY MIDCAP150 QUALITY 50,23 Apr 2014,-,-,-,4326.78
NIFTY MIDCAP150 QUALITY 50,22 Apr 2014,-,-,-,4324.69
NIFTY MIDCAP150 QUALITY 50,21 Apr 2014,-,-,-,4314.23
NIFTY MIDCAP150 QUALITY 50,17 Apr 2014,-,-,-,4282.48
NIFTY MIDCAP150 QUALITY 50,16 Apr 2014,-,-,-,4236.35
NIFTY MIDCAP150 QUALITY 50,15 Apr 2014,-,-,-,4253.91
NIFTY MIDCAP150 QUALITY 50,11 Apr 2014,-,-,-,4251.18
NIFTY MIDCAP150 QUALITY 50,10 Apr 2014,-,-,-,4233.17
NIFTY MIDCAP150 QUALITY 50,09 Apr 2014,-,-,-,4202.93
NIFTY MIDCAP150 QUALITY 50,07 Apr 2014,-,-,-,4141.76
NIFTY MIDCAP150 QUALITY 50,04 Apr 2014,-,-,-,4170.82
NIFTY MIDCAP150 QUALITY 50,03 Apr 2014,-,-,-,4175.14
NIFTY MIDCAP150 QUALITY 50,02 Apr 2014,-,-,-,4174.83
NIFTY MIDCAP150 QUALITY 50,01 Apr 2014,-,-,-,4132.62
NIFTY MIDCAP150 QUALITY 50,31 Mar 2014,-,-,-,4144.6
NIFTY MIDCAP150 QUALITY 50,28 Mar 2014,-,-,-,4095.77
NIFTY MIDCAP150 QUALITY 50,27 Mar 2014,-,-,-,4048.19
NIFTY MIDCAP150 QUALITY 50,26 Mar 2014,-,-,-,4034.17
NIFTY MIDCAP150 QUALITY 50,25 Mar 2014,-,-,-,4018.92
NIFTY MIDCAP150 QUALITY 50,24 Mar 2014,-,-,-,3995.54
NIFTY MIDCAP150 QUALITY 50,22 Mar 2014,-,-,-,3986.34
NIFTY MIDCAP150 QUALITY 50,21 Mar 2014,-,-,-,3984.35
NIFTY MIDCAP150 QUALITY 50,20 Mar 2014,-,-,-,3952.11
NIFTY MIDCAP150 QUALITY 50,19 Mar 2014,-,-,-,3957.73
NIFTY MIDCAP150 QUALITY 50,18 Mar 2014,-,-,-,3941.26
NIFTY MIDCAP150 QUALITY 50,14 Mar 2014,-,-,-,3903.31
NIFTY MIDCAP150 QUALITY 50,13 Mar 2014,-,-,-,3911.28
NIFTY MIDCAP150 QUALITY 50,12 Mar 2014,-,-,-,3912.13
NIFTY MIDCAP150 QUALITY 50,11 Mar 2014,-,-,-,3903.84
NIFTY MIDCAP150 QUALITY 50,10 Mar 2014,-,-,-,3900.64
NIFTY MIDCAP150 QUALITY 50,07 Mar 2014,-,-,-,3882.78
NIFTY MIDCAP150 QUALITY 50,06 Mar 2014,-,-,-,3905.71
NIFTY MIDCAP150 QUALITY 50,05 Mar 2014,-,-,-,3879.51
NIFTY MIDCAP150 QUALITY 50,04 Mar 2014,-,-,-,3837.76
NIFTY MIDCAP150 QUALITY 50,03 Mar 2014,-,-,-,3793.57
NIFTY MIDCAP150 QUALITY 50,28 Feb 2014,-,-,-,3801.96
NIFTY MIDCAP150 QUALITY 50,26 Feb 2014,-,-,-,3787.65
NIFTY MIDCAP150 QUALITY 50,25 Feb 2014,-,-,-,3786.04
NIFTY MIDCAP150 QUALITY 50,24 Feb 2014,-,-,-,3786.02
NIFTY MIDCAP150 QUALITY 50,21 Feb 2014,-,-,-,3768.2
NIFTY MIDCAP150 QUALITY 50,20 Feb 2014,-,-,-,3732.51
NIFTY MIDCAP150 QUALITY 50,19 Feb 2014,-,-,-,3743.85
NIFTY MIDCAP150 QUALITY 50,18 Feb 2014,-,-,-,3725.4
NIFTY MIDCAP150 QUALITY 50,17 Feb 2014,-,-,-,3701.26
NIFTY MIDCAP150 QUALITY 50,14 Feb 2014,-,-,-,3718.59
NIFTY MIDCAP150 QUALITY 50,13 Feb 2014,-,-,-,3707.78
NIFTY MIDCAP150 QUALITY 50,12 Feb 2014,-,-,-,3725.4
NIFTY MIDCAP150 QUALITY 50,11 Feb 2014,-,-,-,3717.21
NIFTY MIDCAP150 QUALITY 50,10 Feb 2014,-,-,-,3707.9
NIFTY MIDCAP150 QUALITY 50,07 Feb 2014,-,-,-,3708.27
NIFTY MIDCAP150 QUALITY 50,06 Feb 2014,-,-,-,3690.73
NIFTY MIDCAP150 QUALITY 50,05 Feb 2014,-,-,-,3704.61
NIFTY MIDCAP150 QUALITY 50,04 Feb 2014,-,-,-,3689.92
NIFTY MIDCAP150 QUALITY 50,03 Feb 2014,-,-,-,3680.11
NIFTY MIDCAP150 QUALITY 50,31 Jan 2014,-,-,-,3691.19
NIFTY MIDCAP150 QUALITY 50,30 Jan 2014,-,-,-,3646.14
NIFTY MIDCAP150 QUALITY 50,29 Jan 2014,-,-,-,3665.2
NIFTY MIDCAP150 QUALITY 50,28 Jan 2014,-,-,-,3662.0
NIFTY MIDCAP150 QUALITY 50,27 Jan 2014,-,-,-,3664.84
NIFTY MIDCAP150 QUALITY 50,24 Jan 2014,-,-,-,3744.45
NIFTY MIDCAP150 QUALITY 50,23 Jan 2014,-,-,-,3796.96
NIFTY MIDCAP150 QUALITY 50,22 Jan 2014,-,-,-,3803.34
NIFTY MIDCAP150 QUALITY 50,21 Jan 2014,-,-,-,3805.49
NIFTY MIDCAP150 QUALITY 50,20 Jan 2014,-,-,-,3807.17
NIFTY MIDCAP150 QUALITY 50,17 Jan 2014,-,-,-,3775.28
NIFTY MIDCAP150 QUALITY 50,16 Jan 2014,-,-,-,3804.83
NIFTY MIDCAP150 QUALITY 50,15 Jan 2014,-,-,-,3802.69
NIFTY MIDCAP150 QUALITY 50,14 Jan 2014,-,-,-,3784.13
NIFTY MIDCAP150 QUALITY 50,13 Jan 2014,-,-,-,3812.59
NIFTY MIDCAP150 QUALITY 50,10 Jan 2014,-,-,-,3811.59
NIFTY MIDCAP150 QUALITY 50,09 Jan 2014,-,-,-,3830.61
NIFTY MIDCAP150 QUALITY 50,08 Jan 2014,-,-,-,3845.75
NIFTY MIDCAP150 QUALITY 50,07 Jan 2014,-,-,-,3822.92
NIFTY MIDCAP150 QUALITY 50,06 Jan 2014,-,-,-,3826.31
NIFTY MIDCAP150 QUALITY 50,03 Jan 2014,-,-,-,3812.92
NIFTY MIDCAP150 QUALITY 50,02 Jan 2014,-,-,-,3806.71
NIFTY MIDCAP150 QUALITY 50,01 Jan 2014,-,-,-,3854.15
NIFTY MIDCAP150 QUALITY 50,31 Dec 2013,-,-,-,3836.23
NIFTY MIDCAP150 QUALITY 50,30 Dec 2013,-,-,-,3813.9
NIFTY MIDCAP150 QUALITY 50,27 Dec 2013,-,-,-,3818.83
NIFTY MIDCAP150 QUALITY 50,26 Dec 2013,-,-,-,3802.03
NIFTY MIDCAP150 QUALITY 50,24 Dec 2013,-,-,-,3787.15
NIFTY MIDCAP150 QUALITY 50,23 Dec 2013,-,-,-,3772.19
NIFTY MIDCAP150 QUALITY 50,20 Dec 2013,-,-,-,3745.38
NIFTY MIDCAP150 QUALITY 50,19 Dec 2013,-,-,-,3695.3
NIFTY MIDCAP150 QUALITY 50,18 Dec 2013,-,-,-,3694.71
NIFTY MIDCAP150 QUALITY 50,17 Dec 2013,-,-,-,3654.0
NIFTY MIDCAP150 QUALITY 50,16 Dec 2013,-,-,-,3658.56
NIFTY MIDCAP150 QUALITY 50,13 Dec 2013,-,-,-,3659.23
NIFTY MIDCAP150 QUALITY 50,12 Dec 2013,-,-,-,3702.19
NIFTY MIDCAP150 QUALITY 50,11 Dec 2013,-,-,-,3704.49
NIFTY MIDCAP150 QUALITY 50,10 Dec 2013,-,-,-,3702.76
NIFTY MIDCAP150 QUALITY 50,09 Dec 2013,-,-,-,3703.38
NIFTY MIDCAP150 QUALITY 50,06 Dec 2013,-,-,-,3693.51
NIFTY MIDCAP150 QUALITY 50,05 Dec 2013,-,-,-,3675.54
NIFTY MIDCAP150 QUALITY 50,04 Dec 2013,-,-,-,3673.06
NIFTY MIDCAP150 QUALITY 50,03 Dec 2013,-,-,-,3694.12
NIFTY MIDCAP150 QUALITY 50,02 Dec 2013,-,-,-,3677.68
NIFTY MIDCAP150 QUALITY 50,29 Nov 2013,-,-,-,3648.04
NIFTY MIDCAP150 QUALITY 50,28 Nov 2013,-,-,-,3625.89
NIFTY MIDCAP150 QUALITY 50,27 Nov 2013,-,-,-,3589.3
NIFTY MIDCAP150 QUALITY 50,26 Nov 2013,-,-,-,3570.35
NIFTY MIDCAP150 QUALITY 50,25 Nov 2013,-,-,-,3582.42
NIFTY MIDCAP150 QUALITY 50,22 Nov 2013,-,-,-,3565.4
NIFTY MIDCAP150 QUALITY 50,21 Nov 2013,-,-,-,3569.08
NIFTY MIDCAP150 QUALITY 50,20 Nov 2013,-,-,-,3592.9
NIFTY MIDCAP150 QUALITY 50,19 Nov 2013,-,-,-,3598.22
NIFTY MIDCAP150 QUALITY 50,18 Nov 2013,-,-,-,3596.49
NIFTY MIDCAP150 QUALITY 50,14 Nov 2013,-,-,-,3580.14
NIFTY MIDCAP150 QUALITY 50,13 Nov 2013,-,-,-,3568.12
NIFTY MIDCAP150 QUALITY 50,12 Nov 2013,-,-,-,3584.49
NIFTY MIDCAP150 QUALITY 50,11 Nov 2013,-,-,-,3593.55
NIFTY MIDCAP150 QUALITY 50,08 Nov 2013,-,-,-,3611.15
NIFTY MIDCAP150 QUALITY 50,07 Nov 2013,-,-,-,3627.13
NIFTY MIDCAP150 QUALITY 50,06 Nov 2013,-,-,-,3649.68
NIFTY MIDCAP150 QUALITY 50,05 Nov 2013,-,-,-,3660.56
NIFTY MIDCAP150 QUALITY 50,03 Nov 2013,-,-,-,3646.62
NIFTY MIDCAP150 QUALITY 50,01 Nov 2013,-,-,-,3610.81
NIFTY MIDCAP150 QUALITY 50,31 Oct 2013,-,-,-,3571.33
NIFTY MIDCAP150 QUALITY 50,30 Oct 2013,-,-,-,3524.49
NIFTY MIDCAP150 QUALITY 50,29 Oct 2013,-,-,-,3516.21
NIFTY MIDCAP150 QUALITY 50,28 Oct 2013,-,-,-,3479.59
NIFTY MIDCAP150 QUALITY 50,25 Oct 2013,-,-,-,3495.1
NIFTY MIDCAP150 QUALITY 50,24 Oct 2013,-,-,-,3511.54
NIFTY MIDCAP150 QUALITY 50,23 Oct 2013,-,-,-,3499.36
NIFTY MIDCAP150 QUALITY 50,22 Oct 2013,-,-,-,3502.16
NIFTY MIDCAP150 QUALITY 50,21 Oct 2013,-,-,-,3484.48
NIFTY MIDCAP150 QUALITY 50,18 Oct 2013,-,-,-,3465.78
NIFTY MIDCAP150 QUALITY 50,17 Oct 2013,-,-,-,3439.27
NIFTY MIDCAP150 QUALITY 50,15 Oct 2013,-,-,-,3431.17
NIFTY MIDCAP150 QUALITY 50,14 Oct 2013,-,-,-,3467.71
NIFTY MIDCAP150 QUALITY 50,11 Oct 2013,-,-,-,3453.07
NIFTY MIDCAP150 QUALITY 50,10 Oct 2013,-,-,-,3445.07
NIFTY MIDCAP150 QUALITY 50,09 Oct 2013,-,-,-,3423.24
NIFTY MIDCAP150 QUALITY 50,08 Oct 2013,-,-,-,3399.77
NIFTY MIDCAP150 QUALITY 50,07 Oct 2013,-,-,-,3409.29
NIFTY MIDCAP150 QUALITY 50,04 Oct 2013,-,-,-,3392.05
NIFTY MIDCAP150 QUALITY 50,03 Oct 2013,-,-,-,3386.5
NIFTY MIDCAP150 QUALITY 50,01 Oct 2013,-,-,-,3360.89
NIFTY MIDCAP150 QUALITY 50,30 Sep 2013,-,-,-,3338.89
NIFTY MIDCAP150 QUALITY 50,27 Sep 2013,-,-,-,3328.34
NIFTY MIDCAP150 QUALITY 50,26 Sep 2013,-,-,-,3330.98
NIFTY MIDCAP150 QUALITY 50,25 Sep 2013,-,-,-,3337.36
NIFTY MIDCAP150 QUALITY 50,24 Sep 2013,-,-,-,3327.21
NIFTY MIDCAP150 QUALITY 50,23 Sep 2013,-,-,-,3306.17
NIFTY MIDCAP150 QUALITY 50,20 Sep 2013,-,-,-,3346.57
NIFTY MIDCAP150 QUALITY 50,19 Sep 2013,-,-,-,3353.28
NIFTY MIDCAP150 QUALITY 50,18 Sep 2013,-,-,-,3303.76
NIFTY MIDCAP150 QUALITY 50,17 Sep 2013,-,-,-,3269.83
NIFTY MIDCAP150 QUALITY 50,16 Sep 2013,-,-,-,3283.13
NIFTY MIDCAP150 QUALITY 50,13 Sep 2013,-,-,-,3280.39
NIFTY MIDCAP150 QUALITY 50,12 Sep 2013,-,-,-,3269.53
NIFTY MIDCAP150 QUALITY 50,11 Sep 2013,-,-,-,3264.47
NIFTY MIDCAP150 QUALITY 50,10 Sep 2013,-,-,-,3220.9
NIFTY MIDCAP150 QUALITY 50,06 Sep 2013,-,-,-,3170.27
NIFTY MIDCAP150 QUALITY 50,05 Sep 2013,-,-,-,3155.16
NIFTY MIDCAP150 QUALITY 50,04 Sep 2013,-,-,-,3111.31
NIFTY MIDCAP150 QUALITY 50,03 Sep 2013,-,-,-,3078.35
NIFTY MIDCAP150 QUALITY 50,02 Sep 2013,-,-,-,3129.16
NIFTY MIDCAP150 QUALITY 50,30 Aug 2013,-,-,-,3101.79
NIFTY MIDCAP150 QUALITY 50,29 Aug 2013,-,-,-,3099.94
NIFTY MIDCAP150 QUALITY 50,28 Aug 2013,-,-,-,3070.9
NIFTY MIDCAP150 QUALITY 50,27 Aug 2013,-,-,-,3096.76
NIFTY MIDCAP150 QUALITY 50,26 Aug 2013,-,-,-,3151.43
NIFTY MIDCAP150 QUALITY 50,23 Aug 2013,-,-,-,3145.78
NIFTY MIDCAP150 QUALITY 50,22 Aug 2013,-,-,-,3116.58
NIFTY MIDCAP150 QUALITY 50,21 Aug 2013,-,-,-,3100.93
NIFTY MIDCAP150 QUALITY 50,20 Aug 2013,-,-,-,3124.79
NIFTY MIDCAP150 QUALITY 50,19 Aug 2013,-,-,-,3150.28
NIFTY MIDCAP150 QUALITY 50,16 Aug 2013,-,-,-,3214.31
NIFTY MIDCAP150 QUALITY 50,14 Aug 2013,-,-,-,3289.04
NIFTY MIDCAP150 QUALITY 50,13 Aug 2013,-,-,-,3258.29
NIFTY MIDCAP150 QUALITY 50,12 Aug 2013,-,-,-,3222.51
NIFTY MIDCAP150 QUALITY 50,08 Aug 2013,-,-,-,3179.52
NIFTY MIDCAP150 QUALITY 50,07 Aug 2013,-,-,-,3133.71
NIFTY MIDCAP150 QUALITY 50,06 Aug 2013,-,-,-,3153.21
NIFTY MIDCAP150 QUALITY 50,05 Aug 2013,-,-,-,3227.6
NIFTY MIDCAP150 QUALITY 50,02 Aug 2013,-,-,-,3245.9
NIFTY MIDCAP150 QUALITY 50,01 Aug 2013,-,-,-,3251.75
NIFTY MIDCAP150 QUALITY 50,31 Jul 2013,-,-,-,3284.11
NIFTY MIDCAP150 QUALITY 50,30 Jul 2013,-,-,-,3316.85
NIFTY MIDCAP150 QUALITY 50,29 Jul 2013,-,-,-,3361.58
NIFTY MIDCAP150 QUALITY 50,26 Jul 2013,-,-,-,3387.98
NIFTY MIDCAP150 QUALITY 50,25 Jul 2013,-,-,-,3406.75
NIFTY MIDCAP150 QUALITY 50,24 Jul 2013,-,-,-,3436.26
NIFTY MIDCAP150 QUALITY 50,23 Jul 2013,-,-,-,3460.02
NIFTY MIDCAP150 QUALITY 50,22 Jul 2013,-,-,-,3468.78
NIFTY MIDCAP150 QUALITY 50,19 Jul 2013,-,-,-,3477.96
NIFTY MIDCAP150 QUALITY 50,18 Jul 2013,-,-,-,3500.16
NIFTY MIDCAP150 QUALITY 50,17 Jul 2013,-,-,-,3480.29
NIFTY MIDCAP150 QUALITY 50,16 Jul 2013,-,-,-,3466.43
NIFTY MIDCAP150 QUALITY 50,15 Jul 2013,-,-,-,3501.0
NIFTY MIDCAP150 QUALITY 50,12 Jul 2013,-,-,-,3472.08
NIFTY MIDCAP150 QUALITY 50,11 Jul 2013,-,-,-,3464.98
NIFTY MIDCAP150 QUALITY 50,10 Jul 2013,-,-,-,3447.88
NIFTY MIDCAP150 QUALITY 50,09 Jul 2013,-,-,-,3456.69
NIFTY MIDCAP150 QUALITY 50,08 Jul 2013,-,-,-,3423.81
NIFTY MIDCAP150 QUALITY 50,05 Jul 2013,-,-,-,3415.16
NIFTY MIDCAP150 QUALITY 50,04 Jul 2013,-,-,-,3403.66
NIFTY MIDCAP150 QUALITY 50,03 Jul 2013,-,-,-,3375.91
NIFTY MIDCAP150 QUALITY 50,02 Jul 2013,-,-,-,3406.69
NIFTY MIDCAP150 QUALITY 50,01 Jul 2013,-,-,-,3405.64
NIFTY MIDCAP150 QUALITY 50,28 Jun 2013,-,-,-,3365.9
NIFTY MIDCAP150 QUALITY 50,27 Jun 2013,-,-,-,3298.78
NIFTY MIDCAP150 QUALITY 50,26 Jun 2013,-,-,-,3301.5
NIFTY MIDCAP150 QUALITY 50,25 Jun 2013,-,-,-,3311.67
NIFTY MIDCAP150 QUALITY 50,24 Jun 2013,-,-,-,3338.5
NIFTY MIDCAP150 QUALITY 50,21 Jun 2013,-,-,-,3405.38
NIFTY MIDCAP150 QUALITY 50,20 Jun 2013,-,-,-,3432.4
NIFTY MIDCAP150 QUALITY 50,19 Jun 2013,-,-,-,3478.28
NIFTY MIDCAP150 QUALITY 50,18 Jun 2013,-,-,-,3467.49
NIFTY MIDCAP150 QUALITY 50,17 Jun 2013,-,-,-,3466.17
NIFTY MIDCAP150 QUALITY 50,14 Jun 2013,-,-,-,3459.93
NIFTY MIDCAP150 QUALITY 50,13 Jun 2013,-,-,-,3417.1
NIFTY MIDCAP150 QUALITY 50,12 Jun 2013,-,-,-,3460.29
NIFTY MIDCAP150 QUALITY 50,11 Jun 2013,-,-,-,3465.75
NIFTY MIDCAP150 QUALITY 50,10 Jun 2013,-,-,-,3526.74
NIFTY MIDCAP150 QUALITY 50,07 Jun 2013,-,-,-,3541.99
NIFTY MIDCAP150 QUALITY 50,06 Jun 2013,-,-,-,3552.94
NIFTY MIDCAP150 QUALITY 50,05 Jun 2013,-,-,-,3555.43
NIFTY MIDCAP150 QUALITY 50,04 Jun 2013,-,-,-,3555.44
NIFTY MIDCAP150 QUALITY 50,03 Jun 2013,-,-,-,3564.42
NIFTY MIDCAP150 QUALITY 50,31 May 2013,-,-,-,3528.33
NIFTY MIDCAP150 QUALITY 50,30 May 2013,-,-,-,3550.85
NIFTY MIDCAP150 QUALITY 50,29 May 2013,-,-,-,3527.14
NIFTY MIDCAP150 QUALITY 50,28 May 2013,-,-,-,3529.75
NIFTY MIDCAP150 QUALITY 50,27 May 2013,-,-,-,3502.04
NIFTY MIDCAP150 QUALITY 50,24 May 2013,-,-,-,3459.63
NIFTY MIDCAP150 QUALITY 50,23 May 2013,-,-,-,3450.43
NIFTY MIDCAP150 QUALITY 50,22 May 2013,-,-,-,3492.79
NIFTY MIDCAP150 QUALITY 50,21 May 2013,-,-,-,3516.49
NIFTY MIDCAP150 QUALITY 50,20 May 2013,-,-,-,3537.77
NIFTY MIDCAP150 QUALITY 50,17 May 2013,-,-,-,3549.8
NIFTY MIDCAP150 QUALITY 50,16 May 2013,-,-,-,3527.91
NIFTY MIDCAP150 QUALITY 50,15 May 2013,-,-,-,3514.39
NIFTY MIDCAP150 QUALITY 50,14 May 2013,-,-,-,3464.27
NIFTY MIDCAP150 QUALITY 50,13 May 2013,-,-,-,3453.01
NIFTY MIDCAP150 QUALITY 50,11 May 2013,-,-,-,3489.1
NIFTY MIDCAP150 QUALITY 50,10 May 2013,-,-,-,3480.13
NIFTY MIDCAP150 QUALITY 50,09 May 2013,-,-,-,3462.9
NIFTY MIDCAP150 QUALITY 50,08 May 2013,-,-,-,3465.24
NIFTY MIDCAP150 QUALITY 50,07 May 2013,-,-,-,3438.91
NIFTY MIDCAP150 QUALITY 50,06 May 2013,-,-,-,3414.63
NIFTY MIDCAP150 QUALITY 50,03 May 2013,-,-,-,3376.45
NIFTY MIDCAP150 QUALITY 50,02 May 2013,-,-,-,3385.59
NIFTY MIDCAP150 QUALITY 50,30 Apr 2013,-,-,-,3358.74
NIFTY MIDCAP150 QUALITY 50,29 Apr 2013,-,-,-,3338.36
NIFTY MIDCAP150 QUALITY 50,26 Apr 2013,-,-,-,3317.73
NIFTY MIDCAP150 QUALITY 50,25 Apr 2013,-,-,-,3315.19
NIFTY MIDCAP150 QUALITY 50,23 Apr 2013,-,-,-,3308.08
NIFTY MIDCAP150 QUALITY 50,22 Apr 2013,-,-,-,3315.91
NIFTY MIDCAP150 QUALITY 50,18 Apr 2013,-,-,-,3277.93
NIFTY MIDCAP150 QUALITY 50,17 Apr 2013,-,-,-,3262.35
NIFTY MIDCAP150 QUALITY 50,16 Apr 2013,-,-,-,3267.87
NIFTY MIDCAP150 QUALITY 50,15 Apr 2013,-,-,-,3257.68
NIFTY MIDCAP150 QUALITY 50,12 Apr 2013,-,-,-,3249.23
NIFTY MIDCAP150 QUALITY 50,11 Apr 2013,-,-,-,3262.29
NIFTY MIDCAP150 QUALITY 50,10 Apr 2013,-,-,-,3253.05
NIFTY MIDCAP150 QUALITY 50,09 Apr 2013,-,-,-,3247.21
NIFTY MIDCAP150 QUALITY 50,08 Apr 2013,-,-,-,3268.01
NIFTY MIDCAP150 QUALITY 50,05 Apr 2013,-,-,-,3286.86
NIFTY MIDCAP150 QUALITY 50,04 Apr 2013,-,-,-,3280.25
NIFTY MIDCAP150 QUALITY 50,03 Apr 2013,-,-,-,3335.71
NIFTY MIDCAP150 QUALITY 50,02 Apr 2013,-,-,-,3342.87
NIFTY MIDCAP150 QUALITY 50,01 Apr 2013,-,-,-,3291.06
NIFTY MIDCAP150 QUALITY 50,28 Mar 2013,-,-,-,3261.8
NIFTY MIDCAP150 QUALITY 50,26 Mar 2013,-,-,-,3221.0
NIFTY MIDCAP150 QUALITY 50,25 Mar 2013,-,-,-,3224.99
NIFTY MIDCAP150 QUALITY 50,22 Mar 2013,-,-,-,3234.37
NIFTY MIDCAP150 QUALITY 50,21 Mar 2013,-,-,-,3237.29
NIFTY MIDCAP150 QUALITY 50,20 Mar 2013,-,-,-,3267.59
NIFTY MIDCAP150 QUALITY 50,19 Mar 2013,-,-,-,3313.93
NIFTY MIDCAP150 QUALITY 50,18 Mar 2013,-,-,-,3335.0
NIFTY MIDCAP150 QUALITY 50,15 Mar 2013,-,-,-,3326.73
NIFTY MIDCAP150 QUALITY 50,14 Mar 2013,-,-,-,3341.29
NIFTY MIDCAP150 QUALITY 50,13 Mar 2013,-,-,-,3334.72
NIFTY MIDCAP150 QUALITY 50,12 Mar 2013,-,-,-,3368.26
NIFTY MIDCAP150 QUALITY 50,11 Mar 2013,-,-,-,3385.72
NIFTY MIDCAP150 QUALITY 50,08 Mar 2013,-,-,-,3367.92
NIFTY MIDCAP150 QUALITY 50,07 Mar 2013,-,-,-,3349.51
NIFTY MIDCAP150 QUALITY 50,06 Mar 2013,-,-,-,3336.76
NIFTY MIDCAP150 QUALITY 50,05 Mar 2013,-,-,-,3318.69
NIFTY MIDCAP150 QUALITY 50,04 Mar 2013,-,-,-,3273.77
NIFTY MIDCAP150 QUALITY 50,01 Mar 2013,-,-,-,3299.77
NIFTY MIDCAP150 QUALITY 50,28 Feb 2013,-,-,-,3268.22
NIFTY MIDCAP150 QUALITY 50,27 Feb 2013,-,-,-,3326.09
NIFTY MIDCAP150 QUALITY 50,26 Feb 2013,-,-,-,3307.18
NIFTY MIDCAP150 QUALITY 50,25 Feb 2013,-,-,-,3347.74
NIFTY MIDCAP150 QUALITY 50,22 Feb 2013,-,-,-,3366.52
NIFTY MIDCAP150 QUALITY 50,21 Feb 2013,-,-,-,3366.6
NIFTY MIDCAP150 QUALITY 50,20 Feb 2013,-,-,-,3407.09
NIFTY MIDCAP150 QUALITY 50,19 Feb 2013,-,-,-,3406.03
NIFTY MIDCAP150 QUALITY 50,18 Feb 2013,-,-,-,3366.64
NIFTY MIDCAP150 QUALITY 50,15 Feb 2013,-,-,-,3348.24
NIFTY MIDCAP150 QUALITY 50,14 Feb 2013,-,-,-,3341.28
NIFTY MIDCAP150 QUALITY 50,13 Feb 2013,-,-,-,3377.2
NIFTY MIDCAP150 QUALITY 50,12 Feb 2013,-,-,-,3369.51
NIFTY MIDCAP150 QUALITY 50,11 Feb 2013,-,-,-,3368.01
NIFTY MIDCAP150 QUALITY 50,08 Feb 2013,-,-,-,3371.41
NIFTY MIDCAP150 QUALITY 50,07 Feb 2013,-,-,-,3395.68
NIFTY MIDCAP150 QUALITY 50,06 Feb 2013,-,-,-,3404.14
NIFTY MIDCAP150 QUALITY 50,05 Feb 2013,-,-,-,3423.21
NIFTY MIDCAP150 QUALITY 50,04 Feb 2013,-,-,-,3444.16
NIFTY MIDCAP150 QUALITY 50,01 Feb 2013,-,-,-,3461.87
NIFTY MIDCAP150 QUALITY 50,31 Jan 2013,-,-,-,3460.59
NIFTY MIDCAP150 QUALITY 50,30 Jan 2013,-,-,-,3439.71
NIFTY MIDCAP150 QUALITY 50,29 Jan 2013,-,-,-,3448.21
NIFTY MIDCAP150 QUALITY 50,28 Jan 2013,-,-,-,3446.7
NIFTY MIDCAP150 QUALITY 50,25 Jan 2013,-,-,-,3450.28
NIFTY MIDCAP150 QUALITY 50,24 Jan 2013,-,-,-,3411.29
NIFTY MIDCAP150 QUALITY 50,23 Jan 2013,-,-,-,3478.18
NIFTY MIDCAP150 QUALITY 50,22 Jan 2013,-,-,-,3509.42
NIFTY MIDCAP150 QUALITY 50,21 Jan 2013,-,-,-,3537.11
NIFTY MIDCAP150 QUALITY 50,18 Jan 2013,-,-,-,3550.03
NIFTY MIDCAP150 QUALITY 50,17 Jan 2013,-,-,-,3557.76
NIFTY MIDCAP150 QUALITY 50,16 Jan 2013,-,-,-,3568.32
NIFTY MIDCAP150 QUALITY 50,15 Jan 2013,-,-,-,3604.65
NIFTY MIDCAP150 QUALITY 50,14 Jan 2013,-,-,-,3593.17
NIFTY MIDCAP150 QUALITY 50,11 Jan 2013,-,-,-,3575.21
NIFTY MIDCAP150 QUALITY 50,10 Jan 2013,-,-,-,3611.34
NIFTY MIDCAP150 QUALITY 50,09 Jan 2013,-,-,-,3625.75
NIFTY MIDCAP150 QUALITY 50,08 Jan 2013,-,-,-,3641.15
NIFTY MIDCAP150 QUALITY 50,07 Jan 2013,-,-,-,3636.97
NIFTY MIDCAP150 QUALITY 50,04 Jan 2013,-,-,-,3624.18
NIFTY MIDCAP150 QUALITY 50,03 Jan 2013,-,-,-,3615.92
NIFTY MIDCAP150 QUALITY 50,02 Jan 2013,-,-,-,3602.31
NIFTY MIDCAP150 QUALITY 50,01 Jan 2013,-,-,-,3588.89
NIFTY MIDCAP150 QUALITY 50,31 Dec 2012,-,-,-,3564.29
NIFTY MIDCAP150 QUALITY 50,28 Dec 2012,-,-,-,3532.84
NIFTY MIDCAP150 QUALITY 50,27 Dec 2012,-,-,-,3506.53
NIFTY MIDCAP150 QUALITY 50,26 Dec 2012,-,-,-,3511.85
NIFTY MIDCAP150 QUALITY 50,24 Dec 2012,-,-,-,3487.5
NIFTY MIDCAP150 QUALITY 50,21 Dec 2012,-,-,-,3474.08
NIFTY MIDCAP150 QUALITY 50,20 Dec 2012,-,-,-,3506.97
NIFTY MIDCAP150 QUALITY 50,19 Dec 2012,-,-,-,3512.47
NIFTY MIDCAP150 QUALITY 50,18 Dec 2012,-,-,-,3505.95
NIFTY MIDCAP150 QUALITY 50,17 Dec 2012,-,-,-,3503.04
NIFTY MIDCAP150 QUALITY 50,14 Dec 2012,-,-,-,3490.19
NIFTY MIDCAP150 QUALITY 50,13 Dec 2012,-,-,-,3469.06
NIFTY MIDCAP150 QUALITY 50,12 Dec 2012,-,-,-,3499.96
NIFTY MIDCAP150 QUALITY 50,11 Dec 2012,-,-,-,3500.2
NIFTY MIDCAP150 QUALITY 50,10 Dec 2012,-,-,-,3526.14
NIFTY MIDCAP150 QUALITY 50,07 Dec 2012,-,-,-,3519.12
NIFTY MIDCAP150 QUALITY 50,06 Dec 2012,-,-,-,3523.03
NIFTY MIDCAP150 QUALITY 50,05 Dec 2012,-,-,-,3507.0
NIFTY MIDCAP150 QUALITY 50,04 Dec 2012,-,-,-,3501.29
NIFTY MIDCAP150 QUALITY 50,03 Dec 2012,-,-,-,3499.8
NIFTY MIDCAP150 QUALITY 50,30 Nov 2012,-,-,-,3455.86
NIFTY MIDCAP150 QUALITY 50,29 Nov 2012,-,-,-,3430.77
NIFTY MIDCAP150 QUALITY 50,27 Nov 2012,-,-,-,3390.93
NIFTY MIDCAP150 QUALITY 50,26 Nov 2012,-,-,-,3362.3
NIFTY MIDCAP150 QUALITY 50,23 Nov 2012,-,-,-,3305.97
NIFTY MIDCAP150 QUALITY 50,22 Nov 2012,-,-,-,3303.27
NIFTY MIDCAP150 QUALITY 50,21 Nov 2012,-,-,-,3284.14
NIFTY MIDCAP150 QUALITY 50,20 Nov 2012,-,-,-,3286.01
NIFTY MIDCAP150 QUALITY 50,19 Nov 2012,-,-,-,3295.19
NIFTY MIDCAP150 QUALITY 50,16 Nov 2012,-,-,-,3327.11
NIFTY MIDCAP150 QUALITY 50,15 Nov 2012,-,-,-,3353.19
NIFTY MIDCAP150 QUALITY 50,13 Nov 2012,-,-,-,3372.72
NIFTY MIDCAP150 QUALITY 50,12 Nov 2012,-,-,-,3351.76
NIFTY MIDCAP150 QUALITY 50,09 Nov 2012,-,-,-,3343.11
NIFTY MIDCAP150 QUALITY 50,08 Nov 2012,-,-,-,3369.13
NIFTY MIDCAP150 QUALITY 50,07 Nov 2012,-,-,-,3366.18
NIFTY MIDCAP150 QUALITY 50,06 Nov 2012,-,-,-,3336.69
NIFTY MIDCAP150 QUALITY 50,05 Nov 2012,-,-,-,3320.66
NIFTY MIDCAP150 QUALITY 50,02 Nov 2012,-,-,-,3325.28
NIFTY MIDCAP150 QUALITY 50,01 Nov 2012,-,-,-,3314.77
NIFTY MIDCAP150 QUALITY 50,31 Oct 2012,-,-,-,3294.21
NIFTY MIDCAP150 QUALITY 50,30 Oct 2012,-,-,-,3259.61
NIFTY MIDCAP150 QUALITY 50,29 Oct 2012,-,-,-,3297.15
NIFTY MIDCAP150 QUALITY 50,26 Oct 2012,-,-,-,3330.19
NIFTY MIDCAP150 QUALITY 50,25 Oct 2012,-,-,-,3356.44
NIFTY MIDCAP150 QUALITY 50,23 Oct 2012,-,-,-,3355.13
NIFTY MIDCAP150 QUALITY 50,22 Oct 2012,-,-,-,3361.16
NIFTY MIDCAP150 QUALITY 50,19 Oct 2012,-,-,-,3373.68
NIFTY MIDCAP150 QUALITY 50,18 Oct 2012,-,-,-,3377.53
NIFTY MIDCAP150 QUALITY 50,17 Oct 2012,-,-,-,3357.24
NIFTY MIDCAP150 QUALITY 50,16 Oct 2012,-,-,-,3350.45
NIFTY MIDCAP150 QUALITY 50,15 Oct 2012,-,-,-,3359.98
NIFTY MIDCAP150 QUALITY 50,12 Oct 2012,-,-,-,3367.7
NIFTY MIDCAP150 QUALITY 50,11 Oct 2012,-,-,-,3376.51
NIFTY MIDCAP150 QUALITY 50,10 Oct 2012,-,-,-,3345.22
NIFTY MIDCAP150 QUALITY 50,09 Oct 2012,-,-,-,3380.23
NIFTY MIDCAP150 QUALITY 50,08 Oct 2012,-,-,-,3369.64
NIFTY MIDCAP150 QUALITY 50,05 Oct 2012,-,-,-,3378.26
NIFTY MIDCAP150 QUALITY 50,04 Oct 2012,-,-,-,3396.84
NIFTY MIDCAP150 QUALITY 50,03 Oct 2012,-,-,-,3413.0
NIFTY MIDCAP150 QUALITY 50,01 Oct 2012,-,-,-,3393.69
NIFTY MIDCAP150 QUALITY 50,28 Sep 2012,-,-,-,3366.02
NIFTY MIDCAP150 QUALITY 50,27 Sep 2012,-,-,-,3319.17
NIFTY MIDCAP150 QUALITY 50,26 Sep 2012,-,-,-,3312.05
NIFTY MIDCAP150 QUALITY 50,25 Sep 2012,-,-,-,3299.87
NIFTY MIDCAP150 QUALITY 50,24 Sep 2012,-,-,-,3284.32
NIFTY MIDCAP150 QUALITY 50,21 Sep 2012,-,-,-,3289.01
NIFTY MIDCAP150 QUALITY 50,20 Sep 2012,-,-,-,3235.45
NIFTY MIDCAP150 QUALITY 50,18 Sep 2012,-,-,-,3247.72
NIFTY MIDCAP150 QUALITY 50,17 Sep 2012,-,-,-,3237.21
NIFTY MIDCAP150 QUALITY 50,14 Sep 2012,-,-,-,3215.85
NIFTY MIDCAP150 QUALITY 50,13 Sep 2012,-,-,-,3203.33
NIFTY MIDCAP150 QUALITY 50,12 Sep 2012,-,-,-,3202.07
NIFTY MIDCAP150 QUALITY 50,11 Sep 2012,-,-,-,3188.04
NIFTY MIDCAP150 QUALITY 50,10 Sep 2012,-,-,-,3189.84
NIFTY MIDCAP150 QUALITY 50,08 Sep 2012,-,-,-,3185.35
NIFTY MIDCAP150 QUALITY 50,07 Sep 2012,-,-,-,3170.54
NIFTY MIDCAP150 QUALITY 50,06 Sep 2012,-,-,-,3137.28
NIFTY MIDCAP150 QUALITY 50,05 Sep 2012,-,-,-,3124.25
NIFTY MIDCAP150 QUALITY 50,04 Sep 2012,-,-,-,3138.56
NIFTY MIDCAP150 QUALITY 50,03 Sep 2012,-,-,-,3127.05
NIFTY MIDCAP150 QUALITY 50,31 Aug 2012,-,-,-,3119.45
NIFTY MIDCAP150 QUALITY 50,30 Aug 2012,-,-,-,3115.8
NIFTY MIDCAP150 QUALITY 50,29 Aug 2012,-,-,-,3092.55
NIFTY MIDCAP150 QUALITY 50,28 Aug 2012,-,-,-,3100.49
NIFTY MIDCAP150 QUALITY 50,27 Aug 2012,-,-,-,3132.05
NIFTY MIDCAP150 QUALITY 50,24 Aug 2012,-,-,-,3140.47
NIFTY MIDCAP150 QUALITY 50,23 Aug 2012,-,-,-,3146.25
NIFTY MIDCAP150 QUALITY 50,22 Aug 2012,-,-,-,3141.41
NIFTY MIDCAP150 QUALITY 50,21 Aug 2012,-,-,-,3156.35
NIFTY MIDCAP150 QUALITY 50,17 Aug 2012,-,-,-,3150.43
NIFTY MIDCAP150 QUALITY 50,16 Aug 2012,-,-,-,3145.63
NIFTY MIDCAP150 QUALITY 50,14 Aug 2012,-,-,-,3139.93
NIFTY MIDCAP150 QUALITY 50,13 Aug 2012,-,-,-,3132.45
NIFTY MIDCAP150 QUALITY 50,10 Aug 2012,-,-,-,3124.76
NIFTY MIDCAP150 QUALITY 50,09 Aug 2012,-,-,-,3132.68
NIFTY MIDCAP150 QUALITY 50,08 Aug 2012,-,-,-,3144.96
NIFTY MIDCAP150 QUALITY 50,07 Aug 2012,-,-,-,3160.98
NIFTY MIDCAP150 QUALITY 50,06 Aug 2012,-,-,-,3154.75
NIFTY MIDCAP150 QUALITY 50,03 Aug 2012,-,-,-,3137.09
NIFTY MIDCAP150 QUALITY 50,02 Aug 2012,-,-,-,3137.05
NIFTY MIDCAP150 QUALITY 50,01 Aug 2012,-,-,-,3126.26
NIFTY MIDCAP150 QUALITY 50,31 Jul 2012,-,-,-,3103.56
NIFTY MIDCAP150 QUALITY 50,30 Jul 2012,-,-,-,3096.56
NIFTY MIDCAP150 QUALITY 50,27 Jul 2012,-,-,-,3057.85
NIFTY MIDCAP150 QUALITY 50,26 Jul 2012,-,-,-,3085.92
NIFTY MIDCAP150 QUALITY 50,25 Jul 2012,-,-,-,3130.57
NIFTY MIDCAP150 QUALITY 50,24 Jul 2012,-,-,-,3145.45
NIFTY MIDCAP150 QUALITY 50,23 Jul 2012,-,-,-,3130.18
NIFTY MIDCAP150 QUALITY 50,20 Jul 2012,-,-,-,3167.88
NIFTY MIDCAP150 QUALITY 50,19 Jul 2012,-,-,-,3165.68
NIFTY MIDCAP150 QUALITY 50,18 Jul 2012,-,-,-,3159.28
NIFTY MIDCAP150 QUALITY 50,17 Jul 2012,-,-,-,3147.92
NIFTY MIDCAP150 QUALITY 50,16 Jul 2012,-,-,-,3172.33
NIFTY MIDCAP150 QUALITY 50,13 Jul 2012,-,-,-,3188.43
NIFTY MIDCAP150 QUALITY 50,12 Jul 2012,-,-,-,3194.39
NIFTY MIDCAP150 QUALITY 50,11 Jul 2012,-,-,-,3208.52
NIFTY MIDCAP150 QUALITY 50,10 Jul 2012,-,-,-,3211.99
NIFTY MIDCAP150 QUALITY 50,09 Jul 2012,-,-,-,3181.04
NIFTY MIDCAP150 QUALITY 50,06 Jul 2012,-,-,-,3211.47
NIFTY MIDCAP150 QUALITY 50,05 Jul 2012,-,-,-,3241.04
NIFTY MIDCAP150 QUALITY 50,04 Jul 2012,-,-,-,3218.61
NIFTY MIDCAP150 QUALITY 50,03 Jul 2012,-,-,-,3194.11
NIFTY MIDCAP150 QUALITY 50,02 Jul 2012,-,-,-,3180.7
NIFTY MIDCAP150 QUALITY 50,29 Jun 2012,-,-,-,3161.88
NIFTY MIDCAP150 QUALITY 50,28 Jun 2012,-,-,-,3111.21
NIFTY MIDCAP150 QUALITY 50,27 Jun 2012,-,-,-,3112.34
NIFTY MIDCAP150 QUALITY 50,26 Jun 2012,-,-,-,3098.53
NIFTY MIDCAP150 QUALITY 50,25 Jun 2012,-,-,-,3075.5
NIFTY MIDCAP150 QUALITY 50,22 Jun 2012,-,-,-,3081.76
NIFTY MIDCAP150 QUALITY 50,21 Jun 2012,-,-,-,3080.01
NIFTY MIDCAP150 QUALITY 50,20 Jun 2012,-,-,-,3051.44
NIFTY MIDCAP150 QUALITY 50,19 Jun 2012,-,-,-,3028.34
NIFTY MIDCAP150 QUALITY 50,18 Jun 2012,-,-,-,3026.16
NIFTY MIDCAP150 QUALITY 50,15 Jun 2012,-,-,-,3051.85
NIFTY MIDCAP150 QUALITY 50,14 Jun 2012,-,-,-,3036.88
NIFTY MIDCAP150 QUALITY 50,13 Jun 2012,-,-,-,3068.69
NIFTY MIDCAP150 QUALITY 50,12 Jun 2012,-,-,-,3078.12
NIFTY MIDCAP150 QUALITY 50,11 Jun 2012,-,-,-,3063.65
NIFTY MIDCAP150 QUALITY 50,08 Jun 2012,-,-,-,3076.81
NIFTY MIDCAP150 QUALITY 50,07 Jun 2012,-,-,-,3071.55
NIFTY MIDCAP150 QUALITY 50,06 Jun 2012,-,-,-,3056.64
NIFTY MIDCAP150 QUALITY 50,05 Jun 2012,-,-,-,3015.35
NIFTY MIDCAP150 QUALITY 50,04 Jun 2012,-,-,-,3009.31
NIFTY MIDCAP150 QUALITY 50,01 Jun 2012,-,-,-,3025.57
NIFTY MIDCAP150 QUALITY 50,31 May 2012,-,-,-,3051.76
NIFTY MIDCAP150 QUALITY 50,30 May 2012,-,-,-,3025.17
NIFTY MIDCAP150 QUALITY 50,29 May 2012,-,-,-,3059.16
NIFTY MIDCAP150 QUALITY 50,28 May 2012,-,-,-,3071.88
NIFTY MIDCAP150 QUALITY 50,25 May 2012,-,-,-,3039.99
NIFTY MIDCAP150 QUALITY 50,24 May 2012,-,-,-,3020.83
NIFTY MIDCAP150 QUALITY 50,23 May 2012,-,-,-,3001.21
NIFTY MIDCAP150 QUALITY 50,22 May 2012,-,-,-,3012.31
NIFTY MIDCAP150 QUALITY 50,21 May 2012,-,-,-,3037.01
NIFTY MIDCAP150 QUALITY 50,18 May 2012,-,-,-,3025.87
NIFTY MIDCAP150 QUALITY 50,17 May 2012,-,-,-,3038.51
NIFTY MIDCAP150 QUALITY 50,16 May 2012,-,-,-,3042.91
NIFTY MIDCAP150 QUALITY 50,15 May 2012,-,-,-,3069.62
NIFTY MIDCAP150 QUALITY 50,14 May 2012,-,-,-,3053.03
NIFTY MIDCAP150 QUALITY 50,11 May 2012,-,-,-,3063.9
NIFTY MIDCAP150 QUALITY 50,10 May 2012,-,-,-,3089.54
NIFTY MIDCAP150 QUALITY 50,09 May 2012,-,-,-,3082.05
NIFTY MIDCAP150 QUALITY 50,08 May 2012,-,-,-,3103.26
NIFTY MIDCAP150 QUALITY 50,07 May 2012,-,-,-,3140.29
NIFTY MIDCAP150 QUALITY 50,04 May 2012,-,-,-,3121.62
NIFTY MIDCAP150 QUALITY 50,03 May 2012,-,-,-,3172.16
NIFTY MIDCAP150 QUALITY 50,02 May 2012,-,-,-,3205.03
NIFTY MIDCAP150 QUALITY 50,30 Apr 2012,-,-,-,3208.98
NIFTY MIDCAP150 QUALITY 50,28 Apr 2012,-,-,-,3192.76
NIFTY MIDCAP150 QUALITY 50,27 Apr 2012,-,-,-,3174.16
NIFTY MIDCAP150 QUALITY 50,26 Apr 2012,-,-,-,3186.67
NIFTY MIDCAP150 QUALITY 50,25 Apr 2012,-,-,-,3202.75
NIFTY MIDCAP150 QUALITY 50,24 Apr 2012,-,-,-,3210.49
NIFTY MIDCAP150 QUALITY 50,23 Apr 2012,-,-,-,3218.85
NIFTY MIDCAP150 QUALITY 50,20 Apr 2012,-,-,-,3265.29
NIFTY MIDCAP150 QUALITY 50,19 Apr 2012,-,-,-,3296.25
NIFTY MIDCAP150 QUALITY 50,18 Apr 2012,-,-,-,3277.31
NIFTY MIDCAP150 QUALITY 50,17 Apr 2012,-,-,-,3253.63
NIFTY MIDCAP150 QUALITY 50,16 Apr 2012,-,-,-,3245.12
NIFTY MIDCAP150 QUALITY 50,13 Apr 2012,-,-,-,3220.64
NIFTY MIDCAP150 QUALITY 50,12 Apr 2012,-,-,-,3243.38
NIFTY MIDCAP150 QUALITY 50,11 Apr 2012,-,-,-,3219.42
NIFTY MIDCAP150 QUALITY 50,10 Apr 2012,-,-,-,3232.41
NIFTY MIDCAP150 QUALITY 50,09 Apr 2012,-,-,-,3269.71
NIFTY MIDCAP150 QUALITY 50,04 Apr 2012,-,-,-,3308.01
NIFTY MIDCAP150 QUALITY 50,03 Apr 2012,-,-,-,3311.89
NIFTY MIDCAP150 QUALITY 50,02 Apr 2012,-,-,-,3287.66
NIFTY MIDCAP150 QUALITY 50,30 Mar 2012,-,-,-,3270.8
NIFTY MIDCAP150 QUALITY 50,29 Mar 2012,-,-,-,3198.05
NIFTY MIDCAP150 QUALITY 50,28 Mar 2012,-,-,-,3197.05
NIFTY MIDCAP150 QUALITY 50,27 Mar 2012,-,-,-,3215.0
NIFTY MIDCAP150 QUALITY 50,26 Mar 2012,-,-,-,3208.35
NIFTY MIDCAP150 QUALITY 50,23 Mar 2012,-,-,-,3254.19
NIFTY MIDCAP150 QUALITY 50,22 Mar 2012,-,-,-,3237.5
NIFTY MIDCAP150 QUALITY 50,21 Mar 2012,-,-,-,3305.23
NIFTY MIDCAP150 QUALITY 50,20 Mar 2012,-,-,-,3246.98
NIFTY MIDCAP150 QUALITY 50,19 Mar 2012,-,-,-,3235.27
NIFTY MIDCAP150 QUALITY 50,16 Mar 2012,-,-,-,3256.19
NIFTY MIDCAP150 QUALITY 50,15 Mar 2012,-,-,-,3279.64
NIFTY MIDCAP150 QUALITY 50,14 Mar 2012,-,-,-,3330.86
NIFTY MIDCAP150 QUALITY 50,13 Mar 2012,-,-,-,3315.19
NIFTY MIDCAP150 QUALITY 50,12 Mar 2012,-,-,-,3299.77
NIFTY MIDCAP150 QUALITY 50,09 Mar 2012,-,-,-,3260.99
NIFTY MIDCAP150 QUALITY 50,07 Mar 2012,-,-,-,3192.52
NIFTY MIDCAP150 QUALITY 50,06 Mar 2012,-,-,-,3183.29
NIFTY MIDCAP150 QUALITY 50,05 Mar 2012,-,-,-,3204.97
NIFTY MIDCAP150 QUALITY 50,03 Mar 2012,-,-,-,3242.44
NIFTY MIDCAP150 QUALITY 50,02 Mar 2012,-,-,-,3244.68
NIFTY MIDCAP150 QUALITY 50,01 Mar 2012,-,-,-,3263.18
NIFTY MIDCAP150 QUALITY 50,29 Feb 2012,-,-,-,3290.72
NIFTY MIDCAP150 QUALITY 50,28 Feb 2012,-,-,-,3233.67
NIFTY MIDCAP150 QUALITY 50,27 Feb 2012,-,-,-,3132.87
NIFTY MIDCAP150 QUALITY 50,24 Feb 2012,-,-,-,3220.24
NIFTY MIDCAP150 QUALITY 50,23 Feb 2012,-,-,-,3229.52
NIFTY MIDCAP150 QUALITY 50,22 Feb 2012,-,-,-,3244.52
NIFTY MIDCAP150 QUALITY 50,21 Feb 2012,-,-,-,3332.95
NIFTY MIDCAP150 QUALITY 50,17 Feb 2012,-,-,-,3323.62
NIFTY MIDCAP150 QUALITY 50,16 Feb 2012,-,-,-,3312.41
NIFTY MIDCAP150 QUALITY 50,15 Feb 2012,-,-,-,3306.87
NIFTY MIDCAP150 QUALITY 50,14 Feb 2012,-,-,-,3236.46
NIFTY MIDCAP150 QUALITY 50,13 Feb 2012,-,-,-,3207.36
NIFTY MIDCAP150 QUALITY 50,10 Feb 2012,-,-,-,3197.2
NIFTY MIDCAP150 QUALITY 50,09 Feb 2012,-,-,-,3191.51
NIFTY MIDCAP150 QUALITY 50,08 Feb 2012,-,-,-,3168.39
NIFTY MIDCAP150 QUALITY 50,07 Feb 2012,-,-,-,3146.24
NIFTY MIDCAP150 QUALITY 50,06 Feb 2012,-,-,-,3170.16
NIFTY MIDCAP150 QUALITY 50,03 Feb 2012,-,-,-,3129.2
NIFTY MIDCAP150 QUALITY 50,02 Feb 2012,-,-,-,3093.69
NIFTY MIDCAP150 QUALITY 50,01 Feb 2012,-,-,-,3065.96
NIFTY MIDCAP150 QUALITY 50,31 Jan 2012,-,-,-,3033.56
NIFTY MIDCAP150 QUALITY 50,30 Jan 2012,-,-,-,2970.77
NIFTY MIDCAP150 QUALITY 50,27 Jan 2012,-,-,-,3022.87
NIFTY MIDCAP150 QUALITY 50,25 Jan 2012,-,-,-,3019.82
NIFTY MIDCAP150 QUALITY 50,24 Jan 2012,-,-,-,2964.4
NIFTY MIDCAP150 QUALITY 50,23 Jan 2012,-,-,-,2925.96
NIFTY MIDCAP150 QUALITY 50,20 Jan 2012,-,-,-,2925.04
NIFTY MIDCAP150 QUALITY 50,19 Jan 2012,-,-,-,2916.06
NIFTY MIDCAP150 QUALITY 50,18 Jan 2012,-,-,-,2898.41
NIFTY MIDCAP150 QUALITY 50,17 Jan 2012,-,-,-,2940.53
NIFTY MIDCAP150 QUALITY 50,16 Jan 2012,-,-,-,2900.33
NIFTY MIDCAP150 QUALITY 50,13 Jan 2012,-,-,-,2899.63
NIFTY MIDCAP150 QUALITY 50,12 Jan 2012,-,-,-,2889.98
NIFTY MIDCAP150 QUALITY 50,11 Jan 2012,-,-,-,2876.43
NIFTY MIDCAP150 QUALITY 50,10 Jan 2012,-,-,-,2853.6
NIFTY MIDCAP150 QUALITY 50,09 Jan 2012,-,-,-,2805.79
NIFTY MIDCAP150 QUALITY 50,07 Jan 2012,-,-,-,2789.48
NIFTY MIDCAP150 QUALITY 50,06 Jan 2012,-,-,-,2771.25
NIFTY MIDCAP150 QUALITY 50,05 Jan 2012,-,-,-,2784.57
NIFTY MIDCAP150 QUALITY 50,04 Jan 2012,-,-,-,2781.44
NIFTY MIDCAP150 QUALITY 50,03 Jan 2012,-,-,-,2764.85
NIFTY MIDCAP150 QUALITY 50,02 Jan 2012,-,-,-,2694.62
NIFTY MIDCAP150 QUALITY 50,30 Dec 2011,-,-,-,2709.28
NIFTY MIDCAP150 QUALITY 50,29 Dec 2011,-,-,-,2688.91
NIFTY MIDCAP150 QUALITY 50,28 Dec 2011,-,-,-,2692.16
NIFTY MIDCAP150 QUALITY 50,27 Dec 2011,-,-,-,2718.01
NIFTY MIDCAP150 QUALITY 50,26 Dec 2011,-,-,-,2734.98
NIFTY MIDCAP150 QUALITY 50,23 Dec 2011,-,-,-,2723.6
NIFTY MIDCAP150 QUALITY 50,22 Dec 2011,-,-,-,2719.6
NIFTY MIDCAP150 QUALITY 50,21 Dec 2011,-,-,-,2689.28
NIFTY MIDCAP150 QUALITY 50,20 Dec 2011,-,-,-,2660.02
NIFTY MIDCAP150 QUALITY 50,19 Dec 2011,-,-,-,2700.59
NIFTY MIDCAP150 QUALITY 50,16 Dec 2011,-,-,-,2750.42
NIFTY MIDCAP150 QUALITY 50,15 Dec 2011,-,-,-,2788.03
NIFTY MIDCAP150 QUALITY 50,14 Dec 2011,-,-,-,2822.47
NIFTY MIDCAP150 QUALITY 50,13 Dec 2011,-,-,-,2836.37
NIFTY MIDCAP150 QUALITY 50,12 Dec 2011,-,-,-,2851.61
NIFTY MIDCAP150 QUALITY 50,09 Dec 2011,-,-,-,2892.97
NIFTY MIDCAP150 QUALITY 50,08 Dec 2011,-,-,-,2913.0
NIFTY MIDCAP150 QUALITY 50,07 Dec 2011,-,-,-,2957.13
NIFTY MIDCAP150 QUALITY 50,05 Dec 2011,-,-,-,2965.5
NIFTY MIDCAP150 QUALITY 50,02 Dec 2011,-,-,-,2962.89
NIFTY MIDCAP150 QUALITY 50,01 Dec 2011,-,-,-,2928.82
NIFTY MIDCAP150 QUALITY 50,30 Nov 2011,-,-,-,2911.09
NIFTY MIDCAP150 QUALITY 50,29 Nov 2011,-,-,-,2910.35
NIFTY MIDCAP150 QUALITY 50,28 Nov 2011,-,-,-,2909.99
NIFTY MIDCAP150 QUALITY 50,25 Nov 2011,-,-,-,2869.23
NIFTY MIDCAP150 QUALITY 50,24 Nov 2011,-,-,-,2866.52
NIFTY MIDCAP150 QUALITY 50,23 Nov 2011,-,-,-,2822.89
NIFTY MIDCAP150 QUALITY 50,22 Nov 2011,-,-,-,2870.61
NIFTY MIDCAP150 QUALITY 50,21 Nov 2011,-,-,-,2849.9
NIFTY MIDCAP150 QUALITY 50,18 Nov 2011,-,-,-,2882.37
NIFTY MIDCAP150 QUALITY 50,17 Nov 2011,-,-,-,2907.99
NIFTY MIDCAP150 QUALITY 50,16 Nov 2011,-,-,-,2943.57
NIFTY MIDCAP150 QUALITY 50,15 Nov 2011,-,-,-,2983.35
NIFTY MIDCAP150 QUALITY 50,14 Nov 2011,-,-,-,3046.79
NIFTY MIDCAP150 QUALITY 50,11 Nov 2011,-,-,-,3084.07
NIFTY MIDCAP150 QUALITY 50,09 Nov 2011,-,-,-,3118.84
NIFTY MIDCAP150 QUALITY 50,08 Nov 2011,-,-,-,3156.45
NIFTY MIDCAP150 QUALITY 50,04 Nov 2011,-,-,-,3153.95
NIFTY MIDCAP150 QUALITY 50,03 Nov 2011,-,-,-,3115.23
NIFTY MIDCAP150 QUALITY 50,02 Nov 2011,-,-,-,3112.77
NIFTY MIDCAP150 QUALITY 50,01 Nov 2011,-,-,-,3103.7
NIFTY MIDCAP150 QUALITY 50,31 Oct 2011,-,-,-,3110.13
NIFTY MIDCAP150 QUALITY 50,28 Oct 2011,-,-,-,3089.47
NIFTY MIDCAP150 QUALITY 50,26 Oct 2011,-,-,-,3034.91
NIFTY MIDCAP150 QUALITY 50,25 Oct 2011,-,-,-,3002.78
NIFTY MIDCAP150 QUALITY 50,24 Oct 2011,-,-,-,2994.94
NIFTY MIDCAP150 QUALITY 50,21 Oct 2011,-,-,-,3009.58
NIFTY MIDCAP150 QUALITY 50,20 Oct 2011,-,-,-,3024.26
NIFTY MIDCAP150 QUALITY 50,19 Oct 2011,-,-,-,3052.89
NIFTY MIDCAP150 QUALITY 50,18 Oct 2011,-,-,-,3010.16
NIFTY MIDCAP150 QUALITY 50,17 Oct 2011,-,-,-,3041.54
NIFTY MIDCAP150 QUALITY 50,14 Oct 2011,-,-,-,3038.83
NIFTY MIDCAP150 QUALITY 50,13 Oct 2011,-,-,-,3030.43
NIFTY MIDCAP150 QUALITY 50,12 Oct 2011,-,-,-,3027.62
NIFTY MIDCAP150 QUALITY 50,11 Oct 2011,-,-,-,2981.59
NIFTY MIDCAP150 QUALITY 50,10 Oct 2011,-,-,-,2978.11
NIFTY MIDCAP150 QUALITY 50,07 Oct 2011,-,-,-,2943.58
NIFTY MIDCAP150 QUALITY 50,05 Oct 2011,-,-,-,2915.35
NIFTY MIDCAP150 QUALITY 50,04 Oct 2011,-,-,-,2934.0
NIFTY MIDCAP150 QUALITY 50,03 Oct 2011,-,-,-,2965.82
NIFTY MIDCAP150 QUALITY 50,30 Sep 2011,-,-,-,3015.73
NIFTY MIDCAP150 QUALITY 50,29 Sep 2011,-,-,-,3028.43
NIFTY MIDCAP150 QUALITY 50,28 Sep 2011,-,-,-,3029.77
NIFTY MIDCAP150 QUALITY 50,27 Sep 2011,-,-,-,3040.12
NIFTY MIDCAP150 QUALITY 50,26 Sep 2011,-,-,-,3010.36
NIFTY MIDCAP150 QUALITY 50,23 Sep 2011,-,-,-,3053.59
NIFTY MIDCAP150 QUALITY 50,22 Sep 2011,-,-,-,3070.63
NIFTY MIDCAP150 QUALITY 50,21 Sep 2011,-,-,-,3140.75
NIFTY MIDCAP150 QUALITY 50,20 Sep 2011,-,-,-,3120.8
NIFTY MIDCAP150 QUALITY 50,19 Sep 2011,-,-,-,3109.58
NIFTY MIDCAP150 QUALITY 50,16 Sep 2011,-,-,-,3105.61
NIFTY MIDCAP150 QUALITY 50,15 Sep 2011,-,-,-,3116.96
NIFTY MIDCAP150 QUALITY 50,14 Sep 2011,-,-,-,3103.79
NIFTY MIDCAP150 QUALITY 50,13 Sep 2011,-,-,-,3103.54
NIFTY MIDCAP150 QUALITY 50,12 Sep 2011,-,-,-,3104.86
NIFTY MIDCAP150 QUALITY 50,09 Sep 2011,-,-,-,3182.41
NIFTY MIDCAP150 QUALITY 50,08 Sep 2011,-,-,-,3212.73
NIFTY MIDCAP150 QUALITY 50,07 Sep 2011,-,-,-,3218.64
NIFTY MIDCAP150 QUALITY 50,06 Sep 2011,-,-,-,3175.22
NIFTY MIDCAP150 QUALITY 50,05 Sep 2011,-,-,-,3164.01
NIFTY MIDCAP150 QUALITY 50,02 Sep 2011,-,-,-,3159.22
NIFTY MIDCAP150 QUALITY 50,30 Aug 2011,-,-,-,3138.68
NIFTY MIDCAP150 QUALITY 50,29 Aug 2011,-,-,-,3097.38
NIFTY MIDCAP150 QUALITY 50,26 Aug 2011,-,-,-,3044.8
NIFTY MIDCAP150 QUALITY 50,25 Aug 2011,-,-,-,3096.7
NIFTY MIDCAP150 QUALITY 50,24 Aug 2011,-,-,-,3127.41
NIFTY MIDCAP150 QUALITY 50,23 Aug 2011,-,-,-,3153.51
NIFTY MIDCAP150 QUALITY 50,22 Aug 2011,-,-,-,3138.35
NIFTY MIDCAP150 QUALITY 50,19 Aug 2011,-,-,-,3107.3
NIFTY MIDCAP150 QUALITY 50,18 Aug 2011,-,-,-,3142.78
NIFTY MIDCAP150 QUALITY 50,17 Aug 2011,-,-,-,3204.72
NIFTY MIDCAP150 QUALITY 50,16 Aug 2011,-,-,-,3231.96
NIFTY MIDCAP150 QUALITY 50,12 Aug 2011,-,-,-,3262.3
NIFTY MIDCAP150 QUALITY 50,11 Aug 2011,-,-,-,3269.94
NIFTY MIDCAP150 QUALITY 50,10 Aug 2011,-,-,-,3283.68
NIFTY MIDCAP150 QUALITY 50,09 Aug 2011,-,-,-,3226.68
NIFTY MIDCAP150 QUALITY 50,08 Aug 2011,-,-,-,3252.8
NIFTY MIDCAP150 QUALITY 50,05 Aug 2011,-,-,-,3291.73
NIFTY MIDCAP150 QUALITY 50,04 Aug 2011,-,-,-,3325.48
NIFTY MIDCAP150 QUALITY 50,03 Aug 2011,-,-,-,3342.5
NIFTY MIDCAP150 QUALITY 50,02 Aug 2011,-,-,-,3363.55
NIFTY MIDCAP150 QUALITY 50,01 Aug 2011,-,-,-,3399.88
NIFTY MIDCAP150 QUALITY 50,29 Jul 2011,-,-,-,3410.75
NIFTY MIDCAP150 QUALITY 50,28 Jul 2011,-,-,-,3423.36
NIFTY MIDCAP150 QUALITY 50,27 Jul 2011,-,-,-,3458.03
NIFTY MIDCAP150 QUALITY 50,26 Jul 2011,-,-,-,3433.92
NIFTY MIDCAP150 QUALITY 50,25 Jul 2011,-,-,-,3463.11
NIFTY MIDCAP150 QUALITY 50,22 Jul 2011,-,-,-,3452.1
NIFTY MIDCAP150 QUALITY 50,21 Jul 2011,-,-,-,3420.38
NIFTY MIDCAP150 QUALITY 50,20 Jul 2011,-,-,-,3439.74
NIFTY MIDCAP150 QUALITY 50,19 Jul 2011,-,-,-,3477.73
NIFTY MIDCAP150 QUALITY 50,18 Jul 2011,-,-,-,3460.88
NIFTY MIDCAP150 QUALITY 50,15 Jul 2011,-,-,-,3452.35
NIFTY MIDCAP150 QUALITY 50,14 Jul 2011,-,-,-,3454.67
NIFTY MIDCAP150 QUALITY 50,13 Jul 2011,-,-,-,3454.99
NIFTY MIDCAP150 QUALITY 50,12 Jul 2011,-,-,-,3421.4
NIFTY MIDCAP150 QUALITY 50,11 Jul 2011,-,-,-,3463.26
NIFTY MIDCAP150 QUALITY 50,08 Jul 2011,-,-,-,3461.22
NIFTY MIDCAP150 QUALITY 50,07 Jul 2011,-,-,-,3483.76
NIFTY MIDCAP150 QUALITY 50,06 Jul 2011,-,-,-,3439.91
NIFTY MIDCAP150 QUALITY 50,05 Jul 2011,-,-,-,3436.28
NIFTY MIDCAP150 QUALITY 50,04 Jul 2011,-,-,-,3446.19
NIFTY MIDCAP150 QUALITY 50,01 Jul 2011,-,-,-,3430.46
NIFTY MIDCAP150 QUALITY 50,30 Jun 2011,-,-,-,3418.13
NIFTY MIDCAP150 QUALITY 50,29 Jun 2011,-,-,-,3411.66
NIFTY MIDCAP150 QUALITY 50,28 Jun 2011,-,-,-,3392.71
NIFTY MIDCAP150 QUALITY 50,27 Jun 2011,-,-,-,3360.56
NIFTY MIDCAP150 QUALITY 50,24 Jun 2011,-,-,-,3322.97
NIFTY MIDCAP150 QUALITY 50,23 Jun 2011,-,-,-,3255.89
NIFTY MIDCAP150 QUALITY 50,22 Jun 2011,-,-,-,3257.62
NIFTY MIDCAP150 QUALITY 50,21 Jun 2011,-,-,-,3290.39
NIFTY MIDCAP150 QUALITY 50,20 Jun 2011,-,-,-,3296.39
NIFTY MIDCAP150 QUALITY 50,17 Jun 2011,-,-,-,3369.54
NIFTY MIDCAP150 QUALITY 50,16 Jun 2011,-,-,-,3386.69
NIFTY MIDCAP150 QUALITY 50,15 Jun 2011,-,-,-,3408.17
NIFTY MIDCAP150 QUALITY 50,14 Jun 2011,-,-,-,3421.25
NIFTY MIDCAP150 QUALITY 50,13 Jun 2011,-,-,-,3399.28
NIFTY MIDCAP150 QUALITY 50,10 Jun 2011,-,-,-,3378.31
NIFTY MIDCAP150 QUALITY 50,09 Jun 2011,-,-,-,3388.07
NIFTY MIDCAP150 QUALITY 50,08 Jun 2011,-,-,-,3400.85
NIFTY MIDCAP150 QUALITY 50,07 Jun 2011,-,-,-,3400.03
NIFTY MIDCAP150 QUALITY 50,06 Jun 2011,-,-,-,3383.19
NIFTY MIDCAP150 QUALITY 50,03 Jun 2011,-,-,-,3380.93
NIFTY MIDCAP150 QUALITY 50,02 Jun 2011,-,-,-,3390.75
NIFTY MIDCAP150 QUALITY 50,01 Jun 2011,-,-,-,3403.65
NIFTY MIDCAP150 QUALITY 50,31 May 2011,-,-,-,3386.24
NIFTY MIDCAP150 QUALITY 50,30 May 2011,-,-,-,3340.17
NIFTY MIDCAP150 QUALITY 50,27 May 2011,-,-,-,3310.09
NIFTY MIDCAP150 QUALITY 50,26 May 2011,-,-,-,3266.2
NIFTY MIDCAP150 QUALITY 50,25 May 2011,-,-,-,3258.19
NIFTY MIDCAP150 QUALITY 50,24 May 2011,-,-,-,3275.94
NIFTY MIDCAP150 QUALITY 50,23 May 2011,-,-,-,3265.68
NIFTY MIDCAP150 QUALITY 50,20 May 2011,-,-,-,3303.57
NIFTY MIDCAP150 QUALITY 50,19 May 2011,-,-,-,3273.86
NIFTY MIDCAP150 QUALITY 50,18 May 2011,-,-,-,3294.88
NIFTY MIDCAP150 QUALITY 50,17 May 2011,-,-,-,3308.32
NIFTY MIDCAP150 QUALITY 50,16 May 2011,-,-,-,3321.81
NIFTY MIDCAP150 QUALITY 50,13 May 2011,-,-,-,3359.99
NIFTY MIDCAP150 QUALITY 50,12 May 2011,-,-,-,3323.25
NIFTY MIDCAP150 QUALITY 50,11 May 2011,-,-,-,3349.97
NIFTY MIDCAP150 QUALITY 50,10 May 2011,-,-,-,3335.12
NIFTY MIDCAP150 QUALITY 50,09 May 2011,-,-,-,3333.65
NIFTY MIDCAP150 QUALITY 50,06 May 2011,-,-,-,3341.06
NIFTY MIDCAP150 QUALITY 50,05 May 2011,-,-,-,3305.57
NIFTY MIDCAP150 QUALITY 50,04 May 2011,-,-,-,3322.74
NIFTY MIDCAP150 QUALITY 50,03 May 2011,-,-,-,3341.47
NIFTY MIDCAP150 QUALITY 50,02 May 2011,-,-,-,3387.0
NIFTY MIDCAP150 QUALITY 50,29 Apr 2011,-,-,-,3405.97
NIFTY MIDCAP150 QUALITY 50,28 Apr 2011,-,-,-,3430.53
NIFTY MIDCAP150 QUALITY 50,27 Apr 2011,-,-,-,3448.64
NIFTY MIDCAP150 QUALITY 50,26 Apr 2011,-,-,-,3435.23
NIFTY MIDCAP150 QUALITY 50,25 Apr 2011,-,-,-,3447.71
NIFTY MIDCAP150 QUALITY 50,21 Apr 2011,-,-,-,3441.43
NIFTY MIDCAP150 QUALITY 50,20 Apr 2011,-,-,-,3425.68
NIFTY MIDCAP150 QUALITY 50,19 Apr 2011,-,-,-,3386.04
NIFTY MIDCAP150 QUALITY 50,18 Apr 2011,-,-,-,3373.93
NIFTY MIDCAP150 QUALITY 50,15 Apr 2011,-,-,-,3420.15
NIFTY MIDCAP150 QUALITY 50,13 Apr 2011,-,-,-,3418.84
NIFTY MIDCAP150 QUALITY 50,11 Apr 2011,-,-,-,3400.54
NIFTY MIDCAP150 QUALITY 50,08 Apr 2011,-,-,-,3406.34
NIFTY MIDCAP150 QUALITY 50,07 Apr 2011,-,-,-,3444.16
NIFTY MIDCAP150 QUALITY 50,06 Apr 2011,-,-,-,3425.38
NIFTY MIDCAP150 QUALITY 50,05 Apr 2011,-,-,-,3418.74
NIFTY MIDCAP150 QUALITY 50,04 Apr 2011,-,-,-,3389.9
NIFTY MIDCAP150 QUALITY 50,01 Apr 2011,-,-,-,3352.6
NIFTY MIDCAP150 QUALITY 50,31 Mar 2011,-,-,-,3326.77
NIFTY MIDCAP150 QUALITY 50,30 Mar 2011,-,-,-,3302.76
NIFTY MIDCAP150 QUALITY 50,29 Mar 2011,-,-,-,3257.74
NIFTY MIDCAP150 QUALITY 50,28 Mar 2011,-,-,-,3243.45
NIFTY MIDCAP150 QUALITY 50,25 Mar 2011,-,-,-,3220.88
NIFTY MIDCAP150 QUALITY 50,24 Mar 2011,-,-,-,3190.63
NIFTY MIDCAP150 QUALITY 50,23 Mar 2011,-,-,-,3174.02
NIFTY MIDCAP150 QUALITY 50,22 Mar 2011,-,-,-,3159.98
NIFTY MIDCAP150 QUALITY 50,21 Mar 2011,-,-,-,3131.69
NIFTY MIDCAP150 QUALITY 50,18 Mar 2011,-,-,-,3131.91
NIFTY MIDCAP150 QUALITY 50,17 Mar 2011,-,-,-,3147.57
NIFTY MIDCAP150 QUALITY 50,16 Mar 2011,-,-,-,3151.26
NIFTY MIDCAP150 QUALITY 50,15 Mar 2011,-,-,-,3114.29
NIFTY MIDCAP150 QUALITY 50,14 Mar 2011,-,-,-,3145.76
NIFTY MIDCAP150 QUALITY 50,11 Mar 2011,-,-,-,3141.62
NIFTY MIDCAP150 QUALITY 50,10 Mar 2011,-,-,-,3157.12
NIFTY MIDCAP150 QUALITY 50,09 Mar 2011,-,-,-,3148.12
NIFTY MIDCAP150 QUALITY 50,08 Mar 2011,-,-,-,3136.6
NIFTY MIDCAP150 QUALITY 50,07 Mar 2011,-,-,-,3113.35
NIFTY MIDCAP150 QUALITY 50,04 Mar 2011,-,-,-,3142.46
NIFTY MIDCAP150 QUALITY 50,03 Mar 2011,-,-,-,3132.61
NIFTY MIDCAP150 QUALITY 50,01 Mar 2011,-,-,-,3111.97
NIFTY MIDCAP150 QUALITY 50,28 Feb 2011,-,-,-,3037.91
NIFTY MIDCAP150 QUALITY 50,25 Feb 2011,-,-,-,3032.31
NIFTY MIDCAP150 QUALITY 50,24 Feb 2011,-,-,-,3023.14
NIFTY MIDCAP150 QUALITY 50,23 Feb 2011,-,-,-,3093.81
NIFTY MIDCAP150 QUALITY 50,22 Feb 2011,-,-,-,3113.17
NIFTY MIDCAP150 QUALITY 50,21 Feb 2011,-,-,-,3147.5
NIFTY MIDCAP150 QUALITY 50,18 Feb 2011,-,-,-,3134.57
NIFTY MIDCAP150 QUALITY 50,17 Feb 2011,-,-,-,3168.96
NIFTY MIDCAP150 QUALITY 50,16 Feb 2011,-,-,-,3147.88
NIFTY MIDCAP150 QUALITY 50,15 Feb 2011,-,-,-,3135.04
NIFTY MIDCAP150 QUALITY 50,14 Feb 2011,-,-,-,3101.34
NIFTY MIDCAP150 QUALITY 50,11 Feb 2011,-,-,-,3015.19
NIFTY MIDCAP150 QUALITY 50,10 Feb 2011,-,-,-,2954.09
NIFTY MIDCAP150 QUALITY 50,09 Feb 2011,-,-,-,2956.39
NIFTY MIDCAP150 QUALITY 50,08 Feb 2011,-,-,-,3024.61
NIFTY MIDCAP150 QUALITY 50,07 Feb 2011,-,-,-,3066.01
NIFTY MIDCAP150 QUALITY 50,04 Feb 2011,-,-,-,3089.42
NIFTY MIDCAP150 QUALITY 50,03 Feb 2011,-,-,-,3131.61
NIFTY MIDCAP150 QUALITY 50,02 Feb 2011,-,-,-,3111.46
NIFTY MIDCAP150 QUALITY 50,01 Feb 2011,-,-,-,3115.09
NIFTY MIDCAP150 QUALITY 50,31 Jan 2011,-,-,-,3165.89
NIFTY MIDCAP150 QUALITY 50,28 Jan 2011,-,-,-,3154.95
NIFTY MIDCAP150 QUALITY 50,27 Jan 2011,-,-,-,3232.46
NIFTY MIDCAP150 QUALITY 50,25 Jan 2011,-,-,-,3291.18
NIFTY MIDCAP150 QUALITY 50,24 Jan 2011,-,-,-,3297.61
NIFTY MIDCAP150 QUALITY 50,21 Jan 2011,-,-,-,3285.76
NIFTY MIDCAP150 QUALITY 50,20 Jan 2011,-,-,-,3287.76
NIFTY MIDCAP150 QUALITY 50,19 Jan 2011,-,-,-,3279.48
NIFTY MIDCAP150 QUALITY 50,18 Jan 2011,-,-,-,3252.37
NIFTY MIDCAP150 QUALITY 50,17 Jan 2011,-,-,-,3254.68
NIFTY MIDCAP150 QUALITY 50,14 Jan 2011,-,-,-,3283.24
NIFTY MIDCAP150 QUALITY 50,13 Jan 2011,-,-,-,3313.08
NIFTY MIDCAP150 QUALITY 50,12 Jan 2011,-,-,-,3331.36
NIFTY MIDCAP150 QUALITY 50,11 Jan 2011,-,-,-,3286.42
NIFTY MIDCAP150 QUALITY 50,10 Jan 2011,-,-,-,3300.75
NIFTY MIDCAP150 QUALITY 50,07 Jan 2011,-,-,-,3378.81
NIFTY MIDCAP150 QUALITY 50,06 Jan 2011,-,-,-,3444.91
NIFTY MIDCAP150 QUALITY 50,05 Jan 2011,-,-,-,3476.12
NIFTY MIDCAP150 QUALITY 50,04 Jan 2011,-,-,-,3514.06
NIFTY MIDCAP150 QUALITY 50,03 Jan 2011,-,-,-,3520.46
NIFTY MIDCAP150 QUALITY 50,31 Dec 2010,-,-,-,3506.21
NIFTY MIDCAP150 QUALITY 50,30 Dec 2010,-,-,-,3470.07
NIFTY MIDCAP150 QUALITY 50,29 Dec 2010,-,-,-,3442.81
NIFTY MIDCAP150 QUALITY 50,28 Dec 2010,-,-,-,3420.49
NIFTY MIDCAP150 QUALITY 50,27 Dec 2010,-,-,-,3430.73
NIFTY MIDCAP150 QUALITY 50,24 Dec 2010,-,-,-,3436.63
NIFTY MIDCAP150 QUALITY 50,23 Dec 2010,-,-,-,3421.95
NIFTY MIDCAP150 QUALITY 50,22 Dec 2010,-,-,-,3428.97
NIFTY MIDCAP150 QUALITY 50,21 Dec 2010,-,-,-,3424.89
NIFTY MIDCAP150 QUALITY 50,20 Dec 2010,-,-,-,3415.21
NIFTY MIDCAP150 QUALITY 50,16 Dec 2010,-,-,-,3421.56
NIFTY MIDCAP150 QUALITY 50,15 Dec 2010,-,-,-,3425.26
NIFTY MIDCAP150 QUALITY 50,14 Dec 2010,-,-,-,3468.77
NIFTY MIDCAP150 QUALITY 50,13 Dec 2010,-,-,-,3437.7
NIFTY MIDCAP150 QUALITY 50,10 Dec 2010,-,-,-,3398.39
NIFTY MIDCAP150 QUALITY 50,09 Dec 2010,-,-,-,3342.21
NIFTY MIDCAP150 QUALITY 50,08 Dec 2010,-,-,-,3483.06
NIFTY MIDCAP150 QUALITY 50,07 Dec 2010,-,-,-,3528.85
NIFTY MIDCAP150 QUALITY 50,06 Dec 2010,-,-,-,3562.08
NIFTY MIDCAP150 QUALITY 50,03 Dec 2010,-,-,-,3567.27
NIFTY MIDCAP150 QUALITY 50,02 Dec 2010,-,-,-,3622.74
NIFTY MIDCAP150 QUALITY 50,01 Dec 2010,-,-,-,3601.06
NIFTY MIDCAP150 QUALITY 50,30 Nov 2010,-,-,-,3536.67
NIFTY MIDCAP150 QUALITY 50,29 Nov 2010,-,-,-,3489.75
NIFTY MIDCAP150 QUALITY 50,26 Nov 2010,-,-,-,3466.83
NIFTY MIDCAP150 QUALITY 50,25 Nov 2010,-,-,-,3522.66
NIFTY MIDCAP150 QUALITY 50,24 Nov 2010,-,-,-,3583.89
NIFTY MIDCAP150 QUALITY 50,23 Nov 2010,-,-,-,3633.0
NIFTY MIDCAP150 QUALITY 50,22 Nov 2010,-,-,-,3658.29
NIFTY MIDCAP150 QUALITY 50,19 Nov 2010,-,-,-,3633.4
NIFTY MIDCAP150 QUALITY 50,18 Nov 2010,-,-,-,3694.67
NIFTY MIDCAP150 QUALITY 50,16 Nov 2010,-,-,-,3706.83
NIFTY MIDCAP150 QUALITY 50,15 Nov 2010,-,-,-,3753.58
NIFTY MIDCAP150 QUALITY 50,12 Nov 2010,-,-,-,3737.72
NIFTY MIDCAP150 QUALITY 50,11 Nov 2010,-,-,-,3797.56
NIFTY MIDCAP150 QUALITY 50,10 Nov 2010,-,-,-,3817.54
NIFTY MIDCAP150 QUALITY 50,09 Nov 2010,-,-,-,3802.47
NIFTY MIDCAP150 QUALITY 50,08 Nov 2010,-,-,-,3805.75
NIFTY MIDCAP150 QUALITY 50,05 Nov 2010,-,-,-,3816.73
NIFTY MIDCAP150 QUALITY 50,04 Nov 2010,-,-,-,3798.63
NIFTY MIDCAP150 QUALITY 50,03 Nov 2010,-,-,-,3766.92
NIFTY MIDCAP150 QUALITY 50,02 Nov 2010,-,-,-,3744.07
NIFTY MIDCAP150 QUALITY 50,01 Nov 2010,-,-,-,3718.72
NIFTY MIDCAP150 QUALITY 50,29 Oct 2010,-,-,-,3672.32
NIFTY MIDCAP150 QUALITY 50,28 Oct 2010,-,-,-,3687.97
NIFTY MIDCAP150 QUALITY 50,27 Oct 2010,-,-,-,3713.29
NIFTY MIDCAP150 QUALITY 50,26 Oct 2010,-,-,-,3712.75
NIFTY MIDCAP150 QUALITY 50,25 Oct 2010,-,-,-,3709.4
NIFTY MIDCAP150 QUALITY 50,22 Oct 2010,-,-,-,3674.41
NIFTY MIDCAP150 QUALITY 50,21 Oct 2010,-,-,-,3676.94
NIFTY MIDCAP150 QUALITY 50,20 Oct 2010,-,-,-,3643.23
NIFTY MIDCAP150 QUALITY 50,19 Oct 2010,-,-,-,3642.72
NIFTY MIDCAP150 QUALITY 50,18 Oct 2010,-,-,-,3636.94
NIFTY MIDCAP150 QUALITY 50,15 Oct 2010,-,-,-,3667.61
NIFTY MIDCAP150 QUALITY 50,14 Oct 2010,-,-,-,3727.15
NIFTY MIDCAP150 QUALITY 50,13 Oct 2010,-,-,-,3721.4
NIFTY MIDCAP150 QUALITY 50,12 Oct 2010,-,-,-,3691.73
NIFTY MIDCAP150 QUALITY 50,11 Oct 2010,-,-,-,3703.49
NIFTY MIDCAP150 QUALITY 50,08 Oct 2010,-,-,-,3671.34
NIFTY MIDCAP150 QUALITY 50,07 Oct 2010,-,-,-,3704.88
NIFTY MIDCAP150 QUALITY 50,06 Oct 2010,-,-,-,3717.62
NIFTY MIDCAP150 QUALITY 50,05 Oct 2010,-,-,-,3683.04
NIFTY MIDCAP150 QUALITY 50,04 Oct 2010,-,-,-,3673.0
NIFTY MIDCAP150 QUALITY 50,01 Oct 2010,-,-,-,3646.05
NIFTY MIDCAP150 QUALITY 50,30 Sep 2010,-,-,-,3587.83
NIFTY MIDCAP150 QUALITY 50,29 Sep 2010,-,-,-,3597.06
NIFTY MIDCAP150 QUALITY 50,28 Sep 2010,-,-,-,3609.11
NIFTY MIDCAP150 QUALITY 50,27 Sep 2010,-,-,-,3602.89
NIFTY MIDCAP150 QUALITY 50,24 Sep 2010,-,-,-,3614.46
NIFTY MIDCAP150 QUALITY 50,23 Sep 2010,-,-,-,3569.99
NIFTY MIDCAP150 QUALITY 50,22 Sep 2010,-,-,-,3573.01
NIFTY MIDCAP150 QUALITY 50,21 Sep 2010,-,-,-,3592.53
NIFTY MIDCAP150 QUALITY 50,20 Sep 2010,-,-,-,3625.08
NIFTY MIDCAP150 QUALITY 50,17 Sep 2010,-,-,-,3614.05
NIFTY MIDCAP150 QUALITY 50,16 Sep 2010,-,-,-,3555.49
NIFTY MIDCAP150 QUALITY 50,15 Sep 2010,-,-,-,3575.6
NIFTY MIDCAP150 QUALITY 50,14 Sep 2010,-,-,-,3573.93
NIFTY MIDCAP150 QUALITY 50,13 Sep 2010,-,-,-,3589.61
NIFTY MIDCAP150 QUALITY 50,09 Sep 2010,-,-,-,3545.65
NIFTY MIDCAP150 QUALITY 50,08 Sep 2010,-,-,-,3525.39
NIFTY MIDCAP150 QUALITY 50,07 Sep 2010,-,-,-,3516.65
NIFTY MIDCAP150 QUALITY 50,06 Sep 2010,-,-,-,3525.25
NIFTY MIDCAP150 QUALITY 50,03 Sep 2010,-,-,-,3485.71
NIFTY MIDCAP150 QUALITY 50,02 Sep 2010,-,-,-,3445.86
NIFTY MIDCAP150 QUALITY 50,01 Sep 2010,-,-,-,3415.06
NIFTY MIDCAP150 QUALITY 50,31 Aug 2010,-,-,-,3372.85
NIFTY MIDCAP150 QUALITY 50,30 Aug 2010,-,-,-,3377.76
NIFTY MIDCAP150 QUALITY 50,27 Aug 2010,-,-,-,3383.74
NIFTY MIDCAP150 QUALITY 50,26 Aug 2010,-,-,-,3401.58
NIFTY MIDCAP150 QUALITY 50,25 Aug 2010,-,-,-,3402.29
NIFTY MIDCAP150 QUALITY 50,24 Aug 2010,-,-,-,3433.0
NIFTY MIDCAP150 QUALITY 50,23 Aug 2010,-,-,-,3454.04
NIFTY MIDCAP150 QUALITY 50,20 Aug 2010,-,-,-,3431.29
NIFTY MIDCAP150 QUALITY 50,19 Aug 2010,-,-,-,3435.15
NIFTY MIDCAP150 QUALITY 50,18 Aug 2010,-,-,-,3424.22
NIFTY MIDCAP150 QUALITY 50,17 Aug 2010,-,-,-,3385.47
NIFTY MIDCAP150 QUALITY 50,16 Aug 2010,-,-,-,3370.1
NIFTY MIDCAP150 QUALITY 50,13 Aug 2010,-,-,-,3349.7
NIFTY MIDCAP150 QUALITY 50,12 Aug 2010,-,-,-,3322.18
NIFTY MIDCAP150 QUALITY 50,11 Aug 2010,-,-,-,3316.81
NIFTY MIDCAP150 QUALITY 50,10 Aug 2010,-,-,-,3326.4
NIFTY MIDCAP150 QUALITY 50,09 Aug 2010,-,-,-,3350.56
NIFTY MIDCAP150 QUALITY 50,06 Aug 2010,-,-,-,3319.72
NIFTY MIDCAP150 QUALITY 50,05 Aug 2010,-,-,-,3315.15
NIFTY MIDCAP150 QUALITY 50,04 Aug 2010,-,-,-,3302.59
NIFTY MIDCAP150 QUALITY 50,03 Aug 2010,-,-,-,3296.42
NIFTY MIDCAP150 QUALITY 50,02 Aug 2010,-,-,-,3289.8
NIFTY MIDCAP150 QUALITY 50,30 Jul 2010,-,-,-,3279.25
NIFTY MIDCAP150 QUALITY 50,29 Jul 2010,-,-,-,3258.34
NIFTY MIDCAP150 QUALITY 50,28 Jul 2010,-,-,-,3258.75
NIFTY MIDCAP150 QUALITY 50,27 Jul 2010,-,-,-,3258.51
NIFTY MIDCAP150 QUALITY 50,26 Jul 2010,-,-,-,3243.29
NIFTY MIDCAP150 QUALITY 50,23 Jul 2010,-,-,-,3267.26
NIFTY MIDCAP150 QUALITY 50,22 Jul 2010,-,-,-,3272.0
NIFTY MIDCAP150 QUALITY 50,21 Jul 2010,-,-,-,3257.27
NIFTY MIDCAP150 QUALITY 50,20 Jul 2010,-,-,-,3244.51
NIFTY MIDCAP150 QUALITY 50,19 Jul 2010,-,-,-,3249.98
NIFTY MIDCAP150 QUALITY 50,16 Jul 2010,-,-,-,3236.59
NIFTY MIDCAP150 QUALITY 50,15 Jul 2010,-,-,-,3230.35
NIFTY MIDCAP150 QUALITY 50,14 Jul 2010,-,-,-,3209.84
NIFTY MIDCAP150 QUALITY 50,13 Jul 2010,-,-,-,3213.13
NIFTY MIDCAP150 QUALITY 50,12 Jul 2010,-,-,-,3192.67
NIFTY MIDCAP150 QUALITY 50,09 Jul 2010,-,-,-,3189.24
NIFTY MIDCAP150 QUALITY 50,08 Jul 2010,-,-,-,3177.76
NIFTY MIDCAP150 QUALITY 50,07 Jul 2010,-,-,-,3152.65
NIFTY MIDCAP150 QUALITY 50,06 Jul 2010,-,-,-,3151.45
NIFTY MIDCAP150 QUALITY 50,05 Jul 2010,-,-,-,3134.73
NIFTY MIDCAP150 QUALITY 50,02 Jul 2010,-,-,-,3127.71
NIFTY MIDCAP150 QUALITY 50,01 Jul 2010,-,-,-,3137.71
NIFTY MIDCAP150 QUALITY 50,30 Jun 2010,-,-,-,3142.56
NIFTY MIDCAP150 QUALITY 50,29 Jun 2010,-,-,-,3128.97
NIFTY MIDCAP150 QUALITY 50,28 Jun 2010,-,-,-,3147.55
NIFTY MIDCAP150 QUALITY 50,25 Jun 2010,-,-,-,3115.9
NIFTY MIDCAP150 QUALITY 50,24 Jun 2010,-,-,-,3136.37
NIFTY MIDCAP150 QUALITY 50,23 Jun 2010,-,-,-,3136.64
NIFTY MIDCAP150 QUALITY 50,22 Jun 2010,-,-,-,3102.2
NIFTY MIDCAP150 QUALITY 50,21 Jun 2010,-,-,-,3101.93
NIFTY MIDCAP150 QUALITY 50,18 Jun 2010,-,-,-,3064.43
NIFTY MIDCAP150 QUALITY 50,17 Jun 2010,-,-,-,3071.29
NIFTY MIDCAP150 QUALITY 50,16 Jun 2010,-,-,-,3053.03
NIFTY MIDCAP150 QUALITY 50,15 Jun 2010,-,-,-,3055.27
NIFTY MIDCAP150 QUALITY 50,14 Jun 2010,-,-,-,3045.32
NIFTY MIDCAP150 QUALITY 50,11 Jun 2010,-,-,-,3035.67
NIFTY MIDCAP150 QUALITY 50,10 Jun 2010,-,-,-,3041.55
NIFTY MIDCAP150 QUALITY 50,09 Jun 2010,-,-,-,3007.77
NIFTY MIDCAP150 QUALITY 50,08 Jun 2010,-,-,-,2989.24
NIFTY MIDCAP150 QUALITY 50,07 Jun 2010,-,-,-,2993.7
NIFTY MIDCAP150 QUALITY 50,04 Jun 2010,-,-,-,3022.4
NIFTY MIDCAP150 QUALITY 50,03 Jun 2010,-,-,-,3010.22
NIFTY MIDCAP150 QUALITY 50,02 Jun 2010,-,-,-,2970.45
NIFTY MIDCAP150 QUALITY 50,01 Jun 2010,-,-,-,2953.56
NIFTY MIDCAP150 QUALITY 50,31 May 2010,-,-,-,2981.24
NIFTY MIDCAP150 QUALITY 50,28 May 2010,-,-,-,2945.36
NIFTY MIDCAP150 QUALITY 50,27 May 2010,-,-,-,2904.88
NIFTY MIDCAP150 QUALITY 50,26 May 2010,-,-,-,2868.53
NIFTY MIDCAP150 QUALITY 50,25 May 2010,-,-,-,2846.76
NIFTY MIDCAP150 QUALITY 50,24 May 2010,-,-,-,2907.52
NIFTY MIDCAP150 QUALITY 50,21 May 2010,-,-,-,2908.04
NIFTY MIDCAP150 QUALITY 50,20 May 2010,-,-,-,2948.44
NIFTY MIDCAP150 QUALITY 50,19 May 2010,-,-,-,2952.42
NIFTY MIDCAP150 QUALITY 50,18 May 2010,-,-,-,3022.61
NIFTY MIDCAP150 QUALITY 50,17 May 2010,-,-,-,2992.72
NIFTY MIDCAP150 QUALITY 50,14 May 2010,-,-,-,2998.23
NIFTY MIDCAP150 QUALITY 50,13 May 2010,-,-,-,3007.48
NIFTY MIDCAP150 QUALITY 50,12 May 2010,-,-,-,2955.85
NIFTY MIDCAP150 QUALITY 50,11 May 2010,-,-,-,2944.45
NIFTY MIDCAP150 QUALITY 50,10 May 2010,-,-,-,2966.53
NIFTY MIDCAP150 QUALITY 50,07 May 2010,-,-,-,2913.85
NIFTY MIDCAP150 QUALITY 50,06 May 2010,-,-,-,2978.86
NIFTY MIDCAP150 QUALITY 50,05 May 2010,-,-,-,2977.64
NIFTY MIDCAP150 QUALITY 50,04 May 2010,-,-,-,2961.19
NIFTY MIDCAP150 QUALITY 50,03 May 2010,-,-,-,2993.37
NIFTY MIDCAP150 QUALITY 50,30 Apr 2010,-,-,-,3005.73
NIFTY MIDCAP150 QUALITY 50,29 Apr 2010,-,-,-,2981.5
NIFTY MIDCAP150 QUALITY 50,28 Apr 2010,-,-,-,2948.09
NIFTY MIDCAP150 QUALITY 50,27 Apr 2010,-,-,-,2975.39
NIFTY MIDCAP150 QUALITY 50,26 Apr 2010,-,-,-,2978.55
NIFTY MIDCAP150 QUALITY 50,23 Apr 2010,-,-,-,2960.8
NIFTY MIDCAP150 QUALITY 50,22 Apr 2010,-,-,-,2954.96
NIFTY MIDCAP150 QUALITY 50,21 Apr 2010,-,-,-,2947.93
NIFTY MIDCAP150 QUALITY 50,20 Apr 2010,-,-,-,2926.92
NIFTY MIDCAP150 QUALITY 50,19 Apr 2010,-,-,-,2897.28
NIFTY MIDCAP150 QUALITY 50,16 Apr 2010,-,-,-,2920.16
NIFTY MIDCAP150 QUALITY 50,15 Apr 2010,-,-,-,2922.2
NIFTY MIDCAP150 QUALITY 50,13 Apr 2010,-,-,-,2905.52
NIFTY MIDCAP150 QUALITY 50,12 Apr 2010,-,-,-,2912.61
NIFTY MIDCAP150 QUALITY 50,09 Apr 2010,-,-,-,2919.78
NIFTY MIDCAP150 QUALITY 50,08 Apr 2010,-,-,-,2906.7
NIFTY MIDCAP150 QUALITY 50,07 Apr 2010,-,-,-,2915.05
NIFTY MIDCAP150 QUALITY 50,06 Apr 2010,-,-,-,2890.95
NIFTY MIDCAP150 QUALITY 50,05 Apr 2010,-,-,-,2872.25
NIFTY MIDCAP150 QUALITY 50,01 Apr 2010,-,-,-,2827.26
NIFTY MIDCAP150 QUALITY 50,31 Mar 2010,-,-,-,2813.71
NIFTY MIDCAP150 QUALITY 50,30 Mar 2010,-,-,-,2805.27
NIFTY MIDCAP150 QUALITY 50,29 Mar 2010,-,-,-,2804.5
NIFTY MIDCAP150 QUALITY 50,26 Mar 2010,-,-,-,2788.99
NIFTY MIDCAP150 QUALITY 50,25 Mar 2010,-,-,-,2775.87
NIFTY MIDCAP150 QUALITY 50,23 Mar 2010,-,-,-,2771.15
NIFTY MIDCAP150 QUALITY 50,22 Mar 2010,-,-,-,2761.17
NIFTY MIDCAP150 QUALITY 50,19 Mar 2010,-,-,-,2789.96
NIFTY MIDCAP150 QUALITY 50,18 Mar 2010,-,-,-,2786.7
NIFTY MIDCAP150 QUALITY 50,17 Mar 2010,-,-,-,2764.09
NIFTY MIDCAP150 QUALITY 50,16 Mar 2010,-,-,-,2752.4
NIFTY MIDCAP150 QUALITY 50,15 Mar 2010,-,-,-,2735.66
NIFTY MIDCAP150 QUALITY 50,12 Mar 2010,-,-,-,2748.3
NIFTY MIDCAP150 QUALITY 50,11 Mar 2010,-,-,-,2750.34
NIFTY MIDCAP150 QUALITY 50,10 Mar 2010,-,-,-,2738.93
NIFTY MIDCAP150 QUALITY 50,09 Mar 2010,-,-,-,2738.9
NIFTY MIDCAP150 QUALITY 50,08 Mar 2010,-,-,-,2740.55
NIFTY MIDCAP150 QUALITY 50,05 Mar 2010,-,-,-,2717.05
NIFTY MIDCAP150 QUALITY 50,04 Mar 2010,-,-,-,2712.09
NIFTY MIDCAP150 QUALITY 50,03 Mar 2010,-,-,-,2680.41
NIFTY MIDCAP150 QUALITY 50,02 Mar 2010,-,-,-,2657.3
NIFTY MIDCAP150 QUALITY 50,26 Feb 2010,-,-,-,2591.82
NIFTY MIDCAP150 QUALITY 50,25 Feb 2010,-,-,-,2542.09
NIFTY MIDCAP150 QUALITY 50,24 Feb 2010,-,-,-,2554.32
NIFTY MIDCAP150 QUALITY 50,23 Feb 2010,-,-,-,2562.82
NIFTY MIDCAP150 QUALITY 50,22 Feb 2010,-,-,-,2575.4
NIFTY MIDCAP150 QUALITY 50,19 Feb 2010,-,-,-,2597.75
NIFTY MIDCAP150 QUALITY 50,18 Feb 2010,-,-,-,2627.04
NIFTY MIDCAP150 QUALITY 50,17 Feb 2010,-,-,-,2625.8
NIFTY MIDCAP150 QUALITY 50,16 Feb 2010,-,-,-,2605.17
NIFTY MIDCAP150 QUALITY 50,15 Feb 2010,-,-,-,2602.35
NIFTY MIDCAP150 QUALITY 50,11 Feb 2010,-,-,-,2619.36
NIFTY MIDCAP150 QUALITY 50,10 Feb 2010,-,-,-,2607.05
NIFTY MIDCAP150 QUALITY 50,09 Feb 2010,-,-,-,2600.48
NIFTY MIDCAP150 QUALITY 50,08 Feb 2010,-,-,-,2586.37
NIFTY MIDCAP150 QUALITY 50,06 Feb 2010,-,-,-,2598.07
NIFTY MIDCAP150 QUALITY 50,05 Feb 2010,-,-,-,2563.3
NIFTY MIDCAP150 QUALITY 50,04 Feb 2010,-,-,-,2623.77
NIFTY MIDCAP150 QUALITY 50,03 Feb 2010,-,-,-,2663.48
NIFTY MIDCAP150 QUALITY 50,02 Feb 2010,-,-,-,2637.2
NIFTY MIDCAP150 QUALITY 50,01 Feb 2010,-,-,-,2651.35
NIFTY MIDCAP150 QUALITY 50,29 Jan 2010,-,-,-,2608.21
NIFTY MIDCAP150 QUALITY 50,28 Jan 2010,-,-,-,2586.14
NIFTY MIDCAP150 QUALITY 50,27 Jan 2010,-,-,-,2594.18
NIFTY MIDCAP150 QUALITY 50,25 Jan 2010,-,-,-,2664.7
NIFTY MIDCAP150 QUALITY 50,22 Jan 2010,-,-,-,2696.15
NIFTY MIDCAP150 QUALITY 50,21 Jan 2010,-,-,-,2717.49
NIFTY MIDCAP150 QUALITY 50,20 Jan 2010,-,-,-,2774.45
NIFTY MIDCAP150 QUALITY 50,19 Jan 2010,-,-,-,2783.91
NIFTY MIDCAP150 QUALITY 50,18 Jan 2010,-,-,-,2796.31
NIFTY MIDCAP150 QUALITY 50,15 Jan 2010,-,-,-,2777.55
NIFTY MIDCAP150 QUALITY 50,14 Jan 2010,-,-,-,2768.99
NIFTY MIDCAP150 QUALITY 50,13 Jan 2010,-,-,-,2740.44
NIFTY MIDCAP150 QUALITY 50,12 Jan 2010,-,-,-,2730.64
NIFTY MIDCAP150 QUALITY 50,11 Jan 2010,-,-,-,2746.77
NIFTY MIDCAP150 QUALITY 50,08 Jan 2010,-,-,-,2714.55
NIFTY MIDCAP150 QUALITY 50,07 Jan 2010,-,-,-,2719.05
NIFTY MIDCAP150 QUALITY 50,06 Jan 2010,-,-,-,2715.54
NIFTY MIDCAP150 QUALITY 50,05 Jan 2010,-,-,-,2691.23
NIFTY MIDCAP150 QUALITY 50,04 Jan 2010,-,-,-,2655.71
NIFTY MIDCAP150 QUALITY 50,31 Dec 2009,-,-,-,2623.06
NIFTY MIDCAP150 QUALITY 50,30 Dec 2009,-,-,-,2609.51
NIFTY MIDCAP150 QUALITY 50,29 Dec 2009,-,-,-,2600.78
NIFTY MIDCAP150 QUALITY 50,24 Dec 2009,-,-,-,2589.76
NIFTY MIDCAP150 QUALITY 50,23 Dec 2009,-,-,-,2571.01
NIFTY MIDCAP150 QUALITY 50,22 Dec 2009,-,-,-,2543.56
NIFTY MIDCAP150 QUALITY 50,21 Dec 2009,-,-,-,2527.49
NIFTY MIDCAP150 QUALITY 50,18 Dec 2009,-,-,-,2534.23
NIFTY MIDCAP150 QUALITY 50,17 Dec 2009,-,-,-,2545.88
NIFTY MIDCAP150 QUALITY 50,16 Dec 2009,-,-,-,2522.01
NIFTY MIDCAP150 QUALITY 50,15 Dec 2009,-,-,-,2519.32
NIFTY MIDCAP150 QUALITY 50,14 Dec 2009,-,-,-,2544.88
NIFTY MIDCAP150 QUALITY 50,11 Dec 2009,-,-,-,2568.77
NIFTY MIDCAP150 QUALITY 50,10 Dec 2009,-,-,-,2574.9
NIFTY MIDCAP150 QUALITY 50,09 Dec 2009,-,-,-,2568.07
NIFTY MIDCAP150 QUALITY 50,08 Dec 2009,-,-,-,2584.51
NIFTY MIDCAP150 QUALITY 50,07 Dec 2009,-,-,-,2557.78
NIFTY MIDCAP150 QUALITY 50,04 Dec 2009,-,-,-,2570.59
NIFTY MIDCAP150 QUALITY 50,03 Dec 2009,-,-,-,2576.54
NIFTY MIDCAP150 QUALITY 50,02 Dec 2009,-,-,-,2572.71
NIFTY MIDCAP150 QUALITY 50,01 Dec 2009,-,-,-,2541.56
NIFTY MIDCAP150 QUALITY 50,30 Nov 2009,-,-,-,2514.61
NIFTY MIDCAP150 QUALITY 50,27 Nov 2009,-,-,-,2476.62
NIFTY MIDCAP150 QUALITY 50,26 Nov 2009,-,-,-,2506.73
NIFTY MIDCAP150 QUALITY 50,25 Nov 2009,-,-,-,2544.63
NIFTY MIDCAP150 QUALITY 50,24 Nov 2009,-,-,-,2542.9
NIFTY MIDCAP150 QUALITY 50,23 Nov 2009,-,-,-,2526.32
NIFTY MIDCAP150 QUALITY 50,20 Nov 2009,-,-,-,2517.6
NIFTY MIDCAP150 QUALITY 50,19 Nov 2009,-,-,-,2492.24
NIFTY MIDCAP150 QUALITY 50,18 Nov 2009,-,-,-,2531.8
NIFTY MIDCAP150 QUALITY 50,17 Nov 2009,-,-,-,2523.03
NIFTY MIDCAP150 QUALITY 50,16 Nov 2009,-,-,-,2520.86
NIFTY MIDCAP150 QUALITY 50,13 Nov 2009,-,-,-,2504.23
NIFTY MIDCAP150 QUALITY 50,12 Nov 2009,-,-,-,2495.67
NIFTY MIDCAP150 QUALITY 50,11 Nov 2009,-,-,-,2507.28
NIFTY MIDCAP150 QUALITY 50,10 Nov 2009,-,-,-,2462.67
NIFTY MIDCAP150 QUALITY 50,09 Nov 2009,-,-,-,2451.77
NIFTY MIDCAP150 QUALITY 50,06 Nov 2009,-,-,-,2415.15
NIFTY MIDCAP150 QUALITY 50,05 Nov 2009,-,-,-,2367.01
NIFTY MIDCAP150 QUALITY 50,04 Nov 2009,-,-,-,2335.22
NIFTY MIDCAP150 QUALITY 50,03 Nov 2009,-,-,-,2293.7
NIFTY MIDCAP150 QUALITY 50,30 Oct 2009,-,-,-,2344.97
NIFTY MIDCAP150 QUALITY 50,29 Oct 2009,-,-,-,2348.67
NIFTY MIDCAP150 QUALITY 50,28 Oct 2009,-,-,-,2380.52
NIFTY MIDCAP150 QUALITY 50,27 Oct 2009,-,-,-,2381.68
NIFTY MIDCAP150 QUALITY 50,26 Oct 2009,-,-,-,2456.45
NIFTY MIDCAP150 QUALITY 50,23 Oct 2009,-,-,-,2490.02
NIFTY MIDCAP150 QUALITY 50,22 Oct 2009,-,-,-,2462.4
NIFTY MIDCAP150 QUALITY 50,21 Oct 2009,-,-,-,2502.07
NIFTY MIDCAP150 QUALITY 50,20 Oct 2009,-,-,-,2525.47
NIFTY MIDCAP150 QUALITY 50,17 Oct 2009,-,-,-,2507.54
NIFTY MIDCAP150 QUALITY 50,16 Oct 2009,-,-,-,2488.7
NIFTY MIDCAP150 QUALITY 50,15 Oct 2009,-,-,-,2475.84
NIFTY MIDCAP150 QUALITY 50,14 Oct 2009,-,-,-,2461.86
NIFTY MIDCAP150 QUALITY 50,12 Oct 2009,-,-,-,2424.66
NIFTY MIDCAP150 QUALITY 50,09 Oct 2009,-,-,-,2395.72
NIFTY MIDCAP150 QUALITY 50,08 Oct 2009,-,-,-,2400.95
NIFTY MIDCAP150 QUALITY 50,07 Oct 2009,-,-,-,2385.6
NIFTY MIDCAP150 QUALITY 50,06 Oct 2009,-,-,-,2362.11
NIFTY MIDCAP150 QUALITY 50,05 Oct 2009,-,-,-,2362.64
NIFTY MIDCAP150 QUALITY 50,01 Oct 2009,-,-,-,2404.8
NIFTY MIDCAP150 QUALITY 50,30 Sep 2009,-,-,-,2405.93
NIFTY MIDCAP150 QUALITY 50,29 Sep 2009,-,-,-,2397.02
NIFTY MIDCAP150 QUALITY 50,25 Sep 2009,-,-,-,2386.2
NIFTY MIDCAP150 QUALITY 50,24 Sep 2009,-,-,-,2378.37
NIFTY MIDCAP150 QUALITY 50,23 Sep 2009,-,-,-,2369.5
NIFTY MIDCAP150 QUALITY 50,22 Sep 2009,-,-,-,2391.93
NIFTY MIDCAP150 QUALITY 50,18 Sep 2009,-,-,-,2371.98
NIFTY MIDCAP150 QUALITY 50,17 Sep 2009,-,-,-,2356.04
NIFTY MIDCAP150 QUALITY 50,16 Sep 2009,-,-,-,2327.55
NIFTY MIDCAP150 QUALITY 50,15 Sep 2009,-,-,-,2310.43
NIFTY MIDCAP150 QUALITY 50,14 Sep 2009,-,-,-,2267.82
NIFTY MIDCAP150 QUALITY 50,11 Sep 2009,-,-,-,2266.55
NIFTY MIDCAP150 QUALITY 50,10 Sep 2009,-,-,-,2268.44
NIFTY MIDCAP150 QUALITY 50,09 Sep 2009,-,-,-,2251.98
NIFTY MIDCAP150 QUALITY 50,08 Sep 2009,-,-,-,2242.2
NIFTY MIDCAP150 QUALITY 50,07 Sep 2009,-,-,-,2249.2
NIFTY MIDCAP150 QUALITY 50,04 Sep 2009,-,-,-,2216.29
NIFTY MIDCAP150 QUALITY 50,03 Sep 2009,-,-,-,2190.97
NIFTY MIDCAP150 QUALITY 50,02 Sep 2009,-,-,-,2184.06
NIFTY MIDCAP150 QUALITY 50,01 Sep 2009,-,-,-,2198.98
NIFTY MIDCAP150 QUALITY 50,31 Aug 2009,-,-,-,2212.92
NIFTY MIDCAP150 QUALITY 50,28 Aug 2009,-,-,-,2210.6
NIFTY MIDCAP150 QUALITY 50,27 Aug 2009,-,-,-,2193.4
NIFTY MIDCAP150 QUALITY 50,26 Aug 2009,-,-,-,2181.19
NIFTY MIDCAP150 QUALITY 50,25 Aug 2009,-,-,-,2152.96
NIFTY MIDCAP150 QUALITY 50,24 Aug 2009,-,-,-,2147.78
NIFTY MIDCAP150 QUALITY 50,21 Aug 2009,-,-,-,2097.85
NIFTY MIDCAP150 QUALITY 50,20 Aug 2009,-,-,-,2070.59
NIFTY MIDCAP150 QUALITY 50,19 Aug 2009,-,-,-,2059.69
NIFTY MIDCAP150 QUALITY 50,18 Aug 2009,-,-,-,2069.87
NIFTY MIDCAP150 QUALITY 50,17 Aug 2009,-,-,-,2043.98
NIFTY MIDCAP150 QUALITY 50,14 Aug 2009,-,-,-,2111.87
NIFTY MIDCAP150 QUALITY 50,13 Aug 2009,-,-,-,2102.45
NIFTY MIDCAP150 QUALITY 50,12 Aug 2009,-,-,-,2039.33
NIFTY MIDCAP150 QUALITY 50,11 Aug 2009,-,-,-,2034.98
NIFTY MIDCAP150 QUALITY 50,10 Aug 2009,-,-,-,2022.2
NIFTY MIDCAP150 QUALITY 50,07 Aug 2009,-,-,-,2043.44
NIFTY MIDCAP150 QUALITY 50,06 Aug 2009,-,-,-,2076.76
NIFTY MIDCAP150 QUALITY 50,05 Aug 2009,-,-,-,2115.38
NIFTY MIDCAP150 QUALITY 50,04 Aug 2009,-,-,-,2116.81
NIFTY MIDCAP150 QUALITY 50,03 Aug 2009,-,-,-,2118.55
NIFTY MIDCAP150 QUALITY 50,31 Jul 2009,-,-,-,2080.31
NIFTY MIDCAP150 QUALITY 50,30 Jul 2009,-,-,-,2045.98
NIFTY MIDCAP150 QUALITY 50,29 Jul 2009,-,-,-,2028.03
NIFTY MIDCAP150 QUALITY 50,28 Jul 2009,-,-,-,2040.19
NIFTY MIDCAP150 QUALITY 50,27 Jul 2009,-,-,-,2017.11
NIFTY MIDCAP150 QUALITY 50,24 Jul 2009,-,-,-,1981.15
NIFTY MIDCAP150 QUALITY 50,23 Jul 2009,-,-,-,1939.56
NIFTY MIDCAP150 QUALITY 50,22 Jul 2009,-,-,-,1913.58
NIFTY MIDCAP150 QUALITY 50,21 Jul 2009,-,-,-,1929.89
NIFTY MIDCAP150 QUALITY 50,20 Jul 2009,-,-,-,1920.14
NIFTY MIDCAP150 QUALITY 50,17 Jul 2009,-,-,-,1877.15
NIFTY MIDCAP150 QUALITY 50,16 Jul 2009,-,-,-,1839.3
NIFTY MIDCAP150 QUALITY 50,15 Jul 2009,-,-,-,1834.6
NIFTY MIDCAP150 QUALITY 50,14 Jul 2009,-,-,-,1785.6
NIFTY MIDCAP150 QUALITY 50,13 Jul 2009,-,-,-,1737.32
NIFTY MIDCAP150 QUALITY 50,10 Jul 2009,-,-,-,1795.34
NIFTY MIDCAP150 QUALITY 50,09 Jul 2009,-,-,-,1813.1
NIFTY MIDCAP150 QUALITY 50,08 Jul 2009,-,-,-,1802.9
NIFTY MIDCAP150 QUALITY 50,07 Jul 2009,-,-,-,1851.02
NIFTY MIDCAP150 QUALITY 50,06 Jul 2009,-,-,-,1820.08
NIFTY MIDCAP150 QUALITY 50,03 Jul 2009,-,-,-,1900.7
NIFTY MIDCAP150 QUALITY 50,02 Jul 2009,-,-,-,1894.45
NIFTY MIDCAP150 QUALITY 50,01 Jul 2009,-,-,-,1883.86
NIFTY MIDCAP150 QUALITY 50,30 Jun 2009,-,-,-,1874.87
NIFTY MIDCAP150 QUALITY 50,29 Jun 2009,-,-,-,1911.87
NIFTY MIDCAP150 QUALITY 50,26 Jun 2009,-,-,-,1897.29
NIFTY MIDCAP150 QUALITY 50,25 Jun 2009,-,-,-,1863.24
NIFTY MIDCAP150 QUALITY 50,24 Jun 2009,-,-,-,1873.6
NIFTY MIDCAP150 QUALITY 50,23 Jun 2009,-,-,-,1841.21
NIFTY MIDCAP150 QUALITY 50,22 Jun 2009,-,-,-,1833.75
NIFTY MIDCAP150 QUALITY 50,19 Jun 2009,-,-,-,1836.88
NIFTY MIDCAP150 QUALITY 50,18 Jun 2009,-,-,-,1807.65
NIFTY MIDCAP150 QUALITY 50,17 Jun 2009,-,-,-,1853.87
NIFTY MIDCAP150 QUALITY 50,16 Jun 2009,-,-,-,1903.53
NIFTY MIDCAP150 QUALITY 50,15 Jun 2009,-,-,-,1883.44
NIFTY MIDCAP150 QUALITY 50,12 Jun 2009,-,-,-,1904.56
NIFTY MIDCAP150 QUALITY 50,11 Jun 2009,-,-,-,1940.49
NIFTY MIDCAP150 QUALITY 50,10 Jun 2009,-,-,-,1944.79
NIFTY MIDCAP150 QUALITY 50,09 Jun 2009,-,-,-,1919.62
NIFTY MIDCAP150 QUALITY 50,08 Jun 2009,-,-,-,1883.53
NIFTY MIDCAP150 QUALITY 50,05 Jun 2009,-,-,-,1964.53
NIFTY MIDCAP150 QUALITY 50,04 Jun 2009,-,-,-,1967.29
NIFTY MIDCAP150 QUALITY 50,03 Jun 2009,-,-,-,1945.56
NIFTY MIDCAP150 QUALITY 50,02 Jun 2009,-,-,-,1907.97
NIFTY MIDCAP150 QUALITY 50,01 Jun 2009,-,-,-,1892.85
NIFTY MIDCAP150 QUALITY 50,29 May 2009,-,-,-,1852.24
NIFTY MIDCAP150 QUALITY 50,28 May 2009,-,-,-,1810.81
NIFTY MIDCAP150 QUALITY 50,27 May 2009,-,-,-,1803.01
NIFTY MIDCAP150 QUALITY 50,26 May 2009,-,-,-,1745.34
NIFTY MIDCAP150 QUALITY 50,25 May 2009,-,-,-,1798.25
NIFTY MIDCAP150 QUALITY 50,22 May 2009,-,-,-,1756.27
NIFTY MIDCAP150 QUALITY 50,21 May 2009,-,-,-,1749.55
NIFTY MIDCAP150 QUALITY 50,20 May 2009,-,-,-,1731.29
NIFTY MIDCAP150 QUALITY 50,19 May 2009,-,-,-,1643.24
NIFTY MIDCAP150 QUALITY 50,18 May 2009,-,-,-,1622.9
NIFTY MIDCAP150 QUALITY 50,15 May 2009,-,-,-,1475.17
NIFTY MIDCAP150 QUALITY 50,14 May 2009,-,-,-,1451.44
NIFTY MIDCAP150 QUALITY 50,13 May 2009,-,-,-,1439.58
NIFTY MIDCAP150 QUALITY 50,12 May 2009,-,-,-,1437.99
NIFTY MIDCAP150 QUALITY 50,11 May 2009,-,-,-,1420.96
NIFTY MIDCAP150 QUALITY 50,08 May 2009,-,-,-,1436.49
NIFTY MIDCAP150 QUALITY 50,07 May 2009,-,-,-,1429.31
NIFTY MIDCAP150 QUALITY 50,06 May 2009,-,-,-,1386.5
NIFTY MIDCAP150 QUALITY 50,05 May 2009,-,-,-,1402.8
NIFTY MIDCAP150 QUALITY 50,04 May 2009,-,-,-,1388.61
NIFTY MIDCAP150 QUALITY 50,29 Apr 2009,-,-,-,1336.89
NIFTY MIDCAP150 QUALITY 50,28 Apr 2009,-,-,-,1317.05
NIFTY MIDCAP150 QUALITY 50,27 Apr 2009,-,-,-,1349.73
NIFTY MIDCAP150 QUALITY 50,24 Apr 2009,-,-,-,1351.75
NIFTY MIDCAP150 QUALITY 50,23 Apr 2009,-,-,-,1334.5
NIFTY MIDCAP150 QUALITY 50,22 Apr 2009,-,-,-,1316.82
NIFTY MIDCAP150 QUALITY 50,21 Apr 2009,-,-,-,1328.29
NIFTY MIDCAP150 QUALITY 50,20 Apr 2009,-,-,-,1343.93
NIFTY MIDCAP150 QUALITY 50,17 Apr 2009,-,-,-,1323.15
NIFTY MIDCAP150 QUALITY 50,16 Apr 2009,-,-,-,1313.3
NIFTY MIDCAP150 QUALITY 50,15 Apr 2009,-,-,-,1355.9
NIFTY MIDCAP150 QUALITY 50,13 Apr 2009,-,-,-,1318.14
NIFTY MIDCAP150 QUALITY 50,09 Apr 2009,-,-,-,1273.79
NIFTY MIDCAP150 QUALITY 50,08 Apr 2009,-,-,-,1267.26
NIFTY MIDCAP150 QUALITY 50,06 Apr 2009,-,-,-,1231.97
NIFTY MIDCAP150 QUALITY 50,02 Apr 2009,-,-,-,1211.35
NIFTY MIDCAP150 QUALITY 50,01 Apr 2009,-,-,-,1174.33
